sr_type,service_label,dept_name,overdue,within_90d,d91_365,d1_2yr,over_2yr,median_days_overdue
BLD-RES,"BUILDING, RESIDENTIAL",CINC BUILDING DEPT,3444.0,455.0,1026.0,1287.0,676.0,426.0
MTL-FRN,"METAL FURNITURE, SPEC COLLECTN",PUBLIC SERVICES,1520.0,1038.0,482.0,0.0,0.0,68.0
BLD_VACR,"BUILDING, VACANT AND OPEN RES",CINC BUILDING DEPT,1042.0,118.0,323.0,356.0,245.0,423.0
CMDVABDV,"VEHICLE, OVERTIME PARKER",PUBLIC SERVICES,508.0,323.0,167.0,18.0,0.0,60.5
CAG_PPDV,"CAGIS PERMITS PLUS, DEV WORK",REGIONAL COMPUTER CENTER,446.0,29.0,84.0,202.0,131.0,671.0
BLD-COM,"BUILDING, COMMERCIAL CBHCODEC",CINC BUILDING DEPT,418.0,27.0,95.0,125.0,171.0,615.5
BLDFRESC,"BUILDING, FIRE ESCAPE INSP",CINC BUILDING DEPT,388.0,0.0,0.0,232.0,156.0,690.5
ZONCCER,"ZONING, CODE ENFORCEMENT RES",CINC BUILDING DEPT,373.0,73.0,152.0,124.0,24.0,272.0
BLDFRFAC,"BUILDING, FACADE/FIRE ESCAPE",CINC BUILDING DEPT,332.0,99.0,90.0,66.0,77.0,265.0
TREEPR,"TREE, DEAD ON PRIV PROP STNDRD",CINC BUILDING DEPT,269.0,74.0,78.0,67.0,50.0,341.0
DASTRAST,DISASTER ASSISTANCE,COMMUNITY DEVELOPMENT,236.0,236.0,0.0,0.0,0.0,52.0
SIDWLKH,"SIDEWALK, REPAIR HAZ",DEPT OF TRANS AND ENG,231.0,16.0,66.0,149.0,0.0,436.0
TRSHCITE,"TRASH, CITATION ISSUED",PUBLIC SERVICES,204.0,154.0,50.0,0.0,0.0,67.0
SVCCMPLT,"SERVICE COMPLAINT, TRASH",PUBLIC SERVICES,193.0,186.0,7.0,0.0,0.0,47.0
CRNCAN-D,"CORNER CAN, DAMAGED",PUBLIC SERVICES,169.0,104.0,65.0,0.0,0.0,82.0
RCNEWLIC,"RESTAURANT CONSULT, NEW LIC",CINC HEALTH DEPT,163.0,30.0,55.0,51.0,27.0,340.0
CFDANNUL,"FIRE, ANNUAL INSPECTION REQ",FIRE DEPT,156.0,96.0,58.0,2.0,0.0,75.0
PAVMK,"PAVEMENT MARKINGS, FADED",PUBLIC SERVICES,152.0,50.0,88.0,14.0,0.0,128.5
RWFRNTRT,RIGHT OF WAY- TRASH & DUMPING,PUBLIC SERVICES,132.0,131.0,1.0,0.0,0.0,47.0
PRKNGYRD,"PARKING, GRASS FRONT YD RES",CINC BUILDING DEPT,130.0,0.0,0.0,27.0,103.0,881.0
TRREPR,"TRASH CART, REPAIR",PUBLIC SERVICES,122.0,122.0,0.0,0.0,0.0,42.0
CRNCNRQ,"CORNER CAN, REQUEST NEW",PUBLIC SERVICES,119.0,65.0,54.0,0.0,0.0,79.0
BLD_VACC,"BUILDING, VACANT AND OPEN COM",CINC BUILDING DEPT,112.0,9.0,36.0,26.0,41.0,542.5
HOMEOWNI,"HOME OWNERSHIP SURVEY, INITIAL",CINC BUILDING DEPT,105.0,3.0,49.0,43.0,10.0,383.0
CITYCONI,CONSTITUENT AFFAIRS INQUIRY,CITY MANAGER'S OFFICE,101.0,0.0,1.0,4.0,96.0,1123.0
STRRPRG,"GENERAL REPAIR, STREET",PUBLIC SERVICES,101.0,35.0,66.0,0.0,0.0,118.0
GRFTRPRV,"GRAFFITI REMOVAL, PRIVATE PROP",CINC BUILDING DEPT,101.0,15.0,48.0,38.0,0.0,324.0
ZONCCE,"ZONING, CODE ENFORCEMENT COM",CINC BUILDING DEPT,95.0,16.0,53.0,22.0,4.0,253.0
PJUNKTOW,"VEHICLE, REQUEST TO TOW",POLICE DEPARTMENT,94.0,20.0,32.0,42.0,0.0,311.0
TRREPR65,"TRASH CART, REPAIR 65 GALLON",PUBLIC SERVICES,83.0,76.0,7.0,0.0,0.0,56.0
PLCJUNKV,"VEHICLE, ROW JUNK/ABAN",POLICE DEPARTMENT,82.0,43.0,32.0,7.0,0.0,89.0
SGN_TNW,"STREET SIGN, NEW/CHANGE",DEPT OF TRANS AND ENG,77.0,41.0,29.0,7.0,0.0,82.0
MSSNGPRP,"TRASH CART, COLLECTED BY CREW",PUBLIC SERVICES,77.0,61.0,16.0,0.0,0.0,77.0
DNS-IN,"HOUSING, REHAB SURVEY-INITL",CINC BUILDING DEPT,76.0,0.0,0.0,9.0,67.0,968.0
BLD_USER,"BUILDING, ILLEGAL USE RES PROP",CINC BUILDING DEPT,76.0,5.0,13.0,26.0,32.0,671.0
DBRFLDST,"DEBRIS, FLOOD/STORM REMOVAL",PUBLIC SERVICES,71.0,71.0,0.0,0.0,0.0,26.0
CFDHAZVN,"FIRE, HAZARDS AND VIOLATIONS",FIRE DEPT,62.0,26.0,36.0,0.0,0.0,111.5
MSSNGSTR,"SIGN, STREET SIGN NAME ISSUES",PUBLIC SERVICES,59.0,42.0,17.0,0.0,0.0,69.0
TRSHREMV,"TRASH CART, REMOVE",PUBLIC SERVICES,59.0,47.0,12.0,0.0,0.0,67.0
CURBREP,"CURBS, REPAIR",PUBLIC SERVICES,57.0,41.0,16.0,0.0,0.0,50.0
TLGR-PRV,"TALL GRASS/WEEDS, PRIVATE PROP",CINC BUILDING DEPT,54.0,25.0,10.0,5.0,14.0,108.5
TRSHRQNS,"TRASH, REQUEST FOR NEW SERVICE",PUBLIC SERVICES,53.0,34.0,19.0,0.0,0.0,84.0
FIRESPCL,"FIRE, SPECIAL FIRE INSPECTION",FIRE DEPT,53.0,18.0,31.0,4.0,0.0,110.0
TRREPR95,"TRASH CART, REPAIR 95 GALLON",PUBLIC SERVICES,52.0,48.0,4.0,0.0,0.0,58.0
TLGR-PS,"TALL GRASS/WEEDS, CITY MAINT",PUBLIC SERVICES,50.0,40.0,9.0,1.0,0.0,21.0
DFLTPRKG,"DEFAULT, PARKING",COMMUNITY DEVELOPMENT,44.0,10.0,34.0,0.0,0.0,258.0
RWTRDMPN,"RIGHT OF WAY, TIRE DUMPING",PUBLIC SERVICES,44.0,44.0,0.0,0.0,0.0,45.0
ILLHOMEC,HOMELESS ENCAMPMENT,CITY MANAGER'S OFFICE,42.0,25.0,17.0,0.0,0.0,66.0
GRCRYCNC,"FOOD OPERATION, REQUEST GEN",CINC HEALTH DEPT,41.0,4.0,32.0,5.0,0.0,224.0
STERMURU,"SHORT TERM RENTAL, UNREGISTERD",TREASURY DEPARTMENT,40.0,0.0,7.0,11.0,22.0,790.5
DFLTDOTE,"DEFAULT, DOTE",DEPT OF TRANS AND ENG,40.0,11.0,29.0,0.0,0.0,112.0
AMNESTYL,"LITTER, REQUEST FOR AMNESTY",PUBLIC SERVICES,39.0,1.0,2.0,4.0,32.0,1056.0
LITR-PRV,"LITTER, PRIVATE PROPERTY",CINC BUILDING DEPT,35.0,9.0,9.0,5.0,12.0,310.0
DFLTMSD,"DEFAULT, MSD",METROPOLITAN SEWER,34.0,34.0,0.0,0.0,0.0,29.0
CNTRCTR,"CONTRACTOR, COMPLAINT",DEPT OF TRANS AND ENG,34.0,7.0,24.0,3.0,0.0,134.0
TIRES,"TIRES, SPECIAL COLLECTION",PUBLIC SERVICES,34.0,34.0,0.0,0.0,0.0,23.5
GUARDR,"GUARDRAIL, REPAIR",PUBLIC SERVICES,33.0,7.0,25.0,1.0,0.0,135.0
BLDFACAD,"BUILDING, FACADE INSP",CINC BUILDING DEPT,33.0,0.0,0.0,12.0,21.0,893.0
MOLD,"MOLD, BUILDING OR APARTMENT",CINC HEALTH DEPT,32.0,11.0,18.0,2.0,1.0,203.0
HDNGCPLT,HOARDING COMPLAINT,CITY MANAGER'S OFFICE,28.0,0.0,2.0,5.0,21.0,757.0
FIREEDUR,"FIRE, EDUCATION REQUEST",FIRE DEPT,27.0,16.0,11.0,0.0,0.0,68.0
