sr_type,service_label,committed_days,stable_commitment,year_month,year,month_number,intake,duplicates,evaluable,on_time,open_overdue,median_days_to_close
311ASSIT,311 ASSISTANCE,1,False,2023-08,2023,8,223.0,0.0,223.0,223.0,0.0,0.0
311ASSIT,311 ASSISTANCE,1,False,2023-09,2023,9,1379.0,0.0,1379.0,1379.0,0.0,0.0
311ASSIT,311 ASSISTANCE,1,False,2023-10,2023,10,1511.0,0.0,1511.0,1511.0,0.0,0.0
311ASSIT,311 ASSISTANCE,1,False,2023-11,2023,11,1303.0,0.0,1303.0,1303.0,0.0,0.0
311ASSIT,311 ASSISTANCE,1,False,2023-12,2023,12,815.0,0.0,815.0,815.0,0.0,0.0
311ASSIT,311 ASSISTANCE,1,False,2024-01,2024,1,786.0,0.0,786.0,786.0,0.0,0.0
311ASSIT,311 ASSISTANCE,1,False,2024-02,2024,2,803.0,0.0,803.0,803.0,0.0,0.0
311ASSIT,311 ASSISTANCE,1,False,2024-03,2024,3,547.0,0.0,547.0,547.0,0.0,0.0
311ASSIT,311 ASSISTANCE,1,False,2024-04,2024,4,662.0,0.0,662.0,662.0,0.0,0.0
311ASSIT,311 ASSISTANCE,1,False,2024-05,2024,5,340.0,0.0,340.0,340.0,0.0,0.0
311ASSIT,311 ASSISTANCE,1,False,2024-06,2024,6,272.0,0.0,272.0,272.0,0.0,0.0
311ASSIT,311 ASSISTANCE,1,False,2024-07,2024,7,285.0,0.0,285.0,285.0,0.0,0.0
311ASSIT,311 ASSISTANCE,1,False,2024-08,2024,8,299.0,0.0,299.0,299.0,0.0,0.0
311ASSIT,311 ASSISTANCE,1,False,2024-09,2024,9,225.0,0.0,224.0,224.0,0.0,0.0
311ASSIT,311 ASSISTANCE,1,False,2024-10,2024,10,279.0,0.0,279.0,279.0,0.0,0.0
311ASSIT,311 ASSISTANCE,1,False,2024-11,2024,11,246.0,0.0,246.0,246.0,0.0,0.0
311ASSIT,311 ASSISTANCE,1,False,2024-12,2024,12,180.0,0.0,180.0,180.0,0.0,0.0
311ASSIT,311 ASSISTANCE,1,False,2025-01,2025,1,253.0,0.0,253.0,253.0,0.0,0.0
311ASSIT,311 ASSISTANCE,1,False,2025-02,2025,2,240.0,0.0,240.0,240.0,0.0,0.0
311ASSIT,311 ASSISTANCE,1,False,2025-03,2025,3,281.0,0.0,281.0,281.0,0.0,0.0
311ASSIT,311 ASSISTANCE,1,False,2025-04,2025,4,348.0,0.0,348.0,348.0,0.0,0.0
311ASSIT,311 ASSISTANCE,1,False,2025-05,2025,5,446.0,0.0,446.0,446.0,0.0,0.0
311ASSIT,311 ASSISTANCE,1,False,2025-06,2025,6,413.0,0.0,413.0,413.0,0.0,0.0
311ASSIT,311 ASSISTANCE,1,False,2025-07,2025,7,415.0,0.0,415.0,415.0,0.0,0.0
311ASSIT,311 ASSISTANCE,1,False,2025-08,2025,8,389.0,0.0,389.0,389.0,0.0,0.0
311ASSIT,311 ASSISTANCE,1,False,2025-09,2025,9,372.0,0.0,372.0,372.0,0.0,0.0
311ASSIT,311 ASSISTANCE,1,False,2025-10,2025,10,256.0,0.0,256.0,256.0,0.0,0.0
311ASSIT,311 ASSISTANCE,1,False,2025-11,2025,11,229.0,0.0,229.0,229.0,0.0,0.0
311ASSIT,311 ASSISTANCE,1,False,2025-12,2025,12,173.0,0.0,173.0,173.0,0.0,0.0
311ASSIT,311 ASSISTANCE,1,False,2026-01,2026,1,179.0,0.0,179.0,179.0,0.0,0.0
311ASSIT,311 ASSISTANCE,1,False,2026-02,2026,2,162.0,0.0,162.0,162.0,0.0,0.0
311ASSIT,311 ASSISTANCE,1,False,2026-03,2026,3,136.0,0.0,136.0,136.0,0.0,0.0
311ASSIT,311 ASSISTANCE,1,False,2026-04,2026,4,201.0,0.0,201.0,201.0,0.0,0.0
311ASSIT,311 ASSISTANCE,1,False,2026-05,2026,5,24.0,0.0,24.0,24.0,0.0,0.0
311ASSIT,311 ASSISTANCE,1,False,2026-06,2026,6,16.0,0.0,16.0,16.0,0.0,0.0
311ASSIT,311 ASSISTANCE,1,False,2026-07,2026,7,5.0,0.0,5.0,5.0,0.0,0.0
311ASSIT,311 ASSISTANCE,1,False,2026-08,2026,8,1.0,0.0,1.0,1.0,0.0,0.0
BLD-RES,"BUILDING, RESIDENTIAL",365,True,2023-01,2023,1,422.0,51.0,371.0,0.0,69.0,465.0
BLD-RES,"BUILDING, RESIDENTIAL",365,True,2023-02,2023,2,333.0,27.0,306.0,0.0,82.0,437.0
BLD-RES,"BUILDING, RESIDENTIAL",365,True,2023-03,2023,3,356.0,30.0,326.0,0.0,82.0,403.0
BLD-RES,"BUILDING, RESIDENTIAL",365,True,2023-04,2023,4,291.0,30.0,261.0,49.0,56.0,374.0
BLD-RES,"BUILDING, RESIDENTIAL",365,True,2023-05,2023,5,321.0,32.0,289.0,198.0,64.0,347.0
BLD-RES,"BUILDING, RESIDENTIAL",365,True,2023-06,2023,6,277.0,31.0,246.0,153.0,67.0,314.0
BLD-RES,"BUILDING, RESIDENTIAL",365,True,2023-07,2023,7,326.0,27.0,299.0,192.0,79.0,285.5
BLD-RES,"BUILDING, RESIDENTIAL",365,True,2023-08,2023,8,369.0,43.0,326.0,212.0,85.0,251.0
BLD-RES,"BUILDING, RESIDENTIAL",365,True,2023-09,2023,9,340.0,43.0,297.0,188.0,97.0,222.0
BLD-RES,"BUILDING, RESIDENTIAL",365,True,2023-10,2023,10,356.0,22.0,334.0,209.0,106.0,193.0
BLD-RES,"BUILDING, RESIDENTIAL",365,True,2023-11,2023,11,313.0,31.0,282.0,193.0,80.0,161.0
BLD-RES,"BUILDING, RESIDENTIAL",365,True,2023-12,2023,12,370.0,43.0,327.0,249.0,68.0,132.0
BLD-RES,"BUILDING, RESIDENTIAL",365,True,2024-01,2024,1,416.0,29.0,387.0,311.0,59.0,102.0
BLD-RES,"BUILDING, RESIDENTIAL",365,True,2024-02,2024,2,301.0,30.0,270.0,181.0,78.0,74.0
BLD-RES,"BUILDING, RESIDENTIAL",365,True,2024-03,2024,3,336.0,42.0,294.0,178.0,103.0,47.0
BLD-RES,"BUILDING, RESIDENTIAL",365,True,2024-04,2024,4,379.0,34.0,345.0,227.0,102.0,39.0
BLD-RES,"BUILDING, RESIDENTIAL",365,True,2024-05,2024,5,431.0,51.0,380.0,235.0,134.0,24.5
BLD-RES,"BUILDING, RESIDENTIAL",365,True,2024-06,2024,6,371.0,26.0,345.0,232.0,94.0,28.0
BLD-RES,"BUILDING, RESIDENTIAL",365,True,2024-07,2024,7,639.0,48.0,591.0,325.0,233.0,56.0
BLD-RES,"BUILDING, RESIDENTIAL",365,True,2024-08,2024,8,435.0,41.0,392.0,247.0,128.0,20.5
BLD-RES,"BUILDING, RESIDENTIAL",365,True,2024-09,2024,9,401.0,25.0,373.0,244.0,111.0,24.0
BLD-RES,"BUILDING, RESIDENTIAL",365,True,2024-10,2024,10,306.0,25.0,281.0,171.0,102.0,21.0
BLD-RES,"BUILDING, RESIDENTIAL",365,True,2024-11,2024,11,246.0,19.0,226.0,126.0,87.0,20.0
BLD-RES,"BUILDING, RESIDENTIAL",365,True,2024-12,2024,12,327.0,22.0,303.0,205.0,90.0,16.0
BLD-RES,"BUILDING, RESIDENTIAL",365,True,2025-01,2025,1,353.0,27.0,326.0,206.0,114.0,14.0
BLD-RES,"BUILDING, RESIDENTIAL",365,True,2025-02,2025,2,297.0,36.0,258.0,146.0,103.0,15.0
BLD-RES,"BUILDING, RESIDENTIAL",365,True,2025-03,2025,3,334.0,34.0,299.0,162.0,130.0,8.0
BLD-RES,"BUILDING, RESIDENTIAL",365,True,2025-04,2025,4,396.0,47.0,346.0,206.0,132.0,17.0
BLD-RES,"BUILDING, RESIDENTIAL",365,True,2025-05,2025,5,342.0,22.0,319.0,198.0,119.0,10.0
BLD-RES,"BUILDING, RESIDENTIAL",365,True,2025-06,2025,6,424.0,29.0,395.0,244.0,149.0,11.0
BLD-RES,"BUILDING, RESIDENTIAL",365,True,2025-07,2025,7,451.0,36.0,413.0,246.0,163.0,13.0
BLD-RES,"BUILDING, RESIDENTIAL",365,True,2025-08,2025,8,371.0,36.0,335.0,185.0,150.0,16.0
BLD-RES,"BUILDING, RESIDENTIAL",365,True,2025-09,2025,9,346.0,24.0,168.0,95.0,73.0,18.0
BLD-RES,"BUILDING, RESIDENTIAL",365,True,2025-10,2025,10,386.0,23.0,0.0,0.0,0.0,15.0
BLD-RES,"BUILDING, RESIDENTIAL",365,True,2025-11,2025,11,323.0,21.0,0.0,0.0,0.0,18.0
BLD-RES,"BUILDING, RESIDENTIAL",365,True,2025-12,2025,12,362.0,22.0,0.0,0.0,0.0,10.0
BLD-RES,"BUILDING, RESIDENTIAL",365,True,2026-01,2026,1,430.0,27.0,0.0,0.0,0.0,10.0
BLD-RES,"BUILDING, RESIDENTIAL",365,True,2026-02,2026,2,371.0,18.0,0.0,0.0,0.0,12.0
BLD-RES,"BUILDING, RESIDENTIAL",365,True,2026-03,2026,3,421.0,36.0,0.0,0.0,0.0,13.0
BLD-RES,"BUILDING, RESIDENTIAL",365,True,2026-04,2026,4,419.0,29.0,0.0,0.0,0.0,12.0
BLD-RES,"BUILDING, RESIDENTIAL",365,True,2026-05,2026,5,454.0,30.0,0.0,0.0,0.0,10.0
BLD-RES,"BUILDING, RESIDENTIAL",365,True,2026-06,2026,6,507.0,27.0,0.0,0.0,0.0,13.0
BLD-RES,"BUILDING, RESIDENTIAL",365,True,2026-07,2026,7,595.0,38.0,0.0,0.0,0.0,12.0
BLD-RES,"BUILDING, RESIDENTIAL",365,True,2026-08,2026,8,540.0,29.0,0.0,0.0,0.0,8.0
CMDVABDV,"VEHICLE, ABANDONED PARKING",30,False,2023-12,2023,12,25.0,0.0,25.0,0.0,0.0,269.0
CMDVABDV,"VEHICLE, ABANDONED PARKING",30,False,2024-01,2024,1,34.0,0.0,34.0,0.0,0.0,233.5
CMDVABDV,"VEHICLE, ABANDONED PARKING",30,False,2024-02,2024,2,12.0,0.0,12.0,0.0,0.0,212.5
CMDVABDV,"VEHICLE, ABANDONED PARKING",30,False,2024-03,2024,3,11.0,0.0,11.0,0.0,0.0,171.0
CMDVABDV,"VEHICLE, ABANDONED PARKING",30,False,2024-04,2024,4,15.0,0.0,15.0,0.0,0.0,143.0
CMDVABDV,"VEHICLE, ABANDONED PARKING",30,False,2024-05,2024,5,6.0,0.0,6.0,0.0,0.0,121.0
CMDVABDV,"VEHICLE, ABANDONED PARKING",30,False,2024-06,2024,6,1.0,0.0,1.0,0.0,0.0,95.0
CMDVABDV,"VEHICLE, ABANDONED PARKING",30,False,2024-07,2024,7,1.0,0.0,1.0,0.0,0.0,45.0
CMDVABDV,"VEHICLE, OVERTIME PARKER",3,False,2024-09,2024,9,18.0,2.0,16.0,1.0,0.0,92.5
CMDVABDV,"VEHICLE, OVERTIME PARKER",3,False,2024-10,2024,10,148.0,16.0,132.0,8.0,0.0,56.5
CMDVABDV,"VEHICLE, OVERTIME PARKER",3,False,2024-11,2024,11,196.0,24.0,172.0,5.0,0.0,64.5
CMDVABDV,"VEHICLE, OVERTIME PARKER",3,False,2024-12,2024,12,232.0,30.0,202.0,5.0,0.0,38.5
CMDVABDV,"VEHICLE, OVERTIME PARKER",3,False,2025-01,2025,1,268.0,25.0,243.0,16.0,0.0,19.0
CMDVABDV,"VEHICLE, OVERTIME PARKER",3,False,2025-02,2025,2,245.0,11.0,234.0,27.0,0.0,13.5
CMDVABDV,"VEHICLE, OVERTIME PARKER",3,False,2025-03,2025,3,302.0,10.0,292.0,28.0,0.0,13.0
CMDVABDV,"VEHICLE, OVERTIME PARKER",3,False,2025-04,2025,4,255.0,9.0,246.0,59.0,0.0,7.0
CMDVABDV,"VEHICLE, OVERTIME PARKER",3,False,2025-05,2025,5,292.0,9.0,283.0,87.0,0.0,6.0
CMDVABDV,"VEHICLE, OVERTIME PARKER",3,False,2025-06,2025,6,318.0,10.0,308.0,56.0,1.0,13.0
CMDVABDV,"VEHICLE, OVERTIME PARKER",3,False,2025-07,2025,7,509.0,41.0,468.0,33.0,2.0,27.0
CMDVABDV,"VEHICLE, OVERTIME PARKER",3,False,2025-08,2025,8,487.0,57.0,430.0,30.0,14.0,41.0
CMDVABDV,"VEHICLE, OVERTIME PARKER",3,False,2025-09,2025,9,442.0,44.0,398.0,16.0,9.0,62.0
CMDVABDV,"VEHICLE, OVERTIME PARKER",3,False,2025-10,2025,10,434.0,46.0,388.0,13.0,16.0,50.5
CMDVABDV,"VEHICLE, OVERTIME PARKER",3,False,2025-11,2025,11,353.0,57.0,296.0,10.0,18.0,58.0
CMDVABDV,"VEHICLE, OVERTIME PARKER",3,False,2025-12,2025,12,284.0,45.0,239.0,10.0,22.0,77.0
CMDVABDV,"VEHICLE, OVERTIME PARKER",3,False,2026-01,2026,1,341.0,57.0,284.0,4.0,26.0,63.5
CMDVABDV,"VEHICLE, OVERTIME PARKER",3,False,2026-02,2026,2,358.0,48.0,310.0,10.0,38.0,59.0
CMDVABDV,"VEHICLE, OVERTIME PARKER",3,False,2026-03,2026,3,404.0,47.0,357.0,14.0,34.0,39.0
CMDVABDV,"VEHICLE, OVERTIME PARKER",3,False,2026-04,2026,4,442.0,82.0,360.0,14.0,37.0,34.0
CMDVABDV,"VEHICLE, OVERTIME PARKER",3,False,2026-05,2026,5,391.0,69.0,322.0,62.0,62.0,48.5
CMDVABDV,"VEHICLE, OVERTIME PARKER",3,False,2026-06,2026,6,458.0,108.0,349.0,100.0,99.0,45.0
CMDVABDV,"VEHICLE, PARKED > 24 HOURS ON STREET",30,False,2026-07,2026,7,415.0,74.0,341.0,130.0,97.0,29.0
CMDVABDV,"VEHICLE, PARKED > 24 HOURS ON STREET",30,False,2026-08,2026,8,477.0,82.0,218.0,96.0,108.0,7.0
DAPUB1,DEAD ANIMAL,1,False,2023-01,2023,1,110.0,8.0,102.0,69.0,0.0,1.0
DAPUB1,DEAD ANIMAL,1,False,2023-02,2023,2,104.0,9.0,95.0,67.0,0.0,1.0
DAPUB1,DEAD ANIMAL,1,False,2023-03,2023,3,122.0,5.0,117.0,97.0,0.0,1.0
DAPUB1,DEAD ANIMAL,1,False,2023-04,2023,4,137.0,3.0,134.0,98.0,0.0,1.0
DAPUB1,DEAD ANIMAL,1,False,2023-05,2023,5,193.0,12.0,181.0,141.0,0.0,1.0
DAPUB1,DEAD ANIMAL,1,False,2023-06,2023,6,189.0,12.0,177.0,131.0,0.0,1.0
DAPUB1,DEAD ANIMAL,1,False,2023-07,2023,7,192.0,14.0,178.0,128.0,0.0,1.0
DAPUB1,DEAD ANIMAL,1,False,2023-08,2023,8,174.0,21.0,153.0,114.0,0.0,1.0
DAPUB1,DEAD ANIMAL,1,False,2023-09,2023,9,185.0,16.0,169.0,110.0,0.0,1.0
DAPUB1,DEAD ANIMAL REMOVAL,1,False,2023-10,2023,10,183.0,11.0,172.0,79.0,0.0,2.0
DAPUB1,DEAD ANIMAL REMOVAL,1,False,2023-11,2023,11,166.0,12.0,154.0,101.0,0.0,1.0
DAPUB1,DEAD ANIMAL REMOVAL,1,False,2023-12,2023,12,136.0,12.0,124.0,76.0,0.0,1.0
DAPUB1,DEAD ANIMAL REMOVAL,1,False,2024-01,2024,1,92.0,9.0,83.0,61.0,0.0,1.0
DAPUB1,DEAD ANIMAL REMOVAL,1,False,2024-02,2024,2,103.0,6.0,97.0,65.0,0.0,1.0
DAPUB1,DEAD ANIMAL REMOVAL,1,False,2024-03,2024,3,150.0,8.0,142.0,94.0,0.0,1.0
DAPUB1,DEAD ANIMAL REMOVAL,1,False,2024-04,2024,4,150.0,9.0,141.0,111.0,0.0,1.0
DAPUB1,DEAD ANIMAL REMOVAL,1,False,2024-05,2024,5,171.0,5.0,166.0,114.0,0.0,1.0
DAPUB1,DEAD ANIMAL REMOVAL,1,False,2024-06,2024,6,194.0,5.0,189.0,100.0,0.0,1.0
DAPUB1,DEAD ANIMAL REMOVAL,1,False,2024-07,2024,7,155.0,10.0,145.0,62.0,0.0,2.0
DAPUB1,DEAD ANIMAL REMOVAL,1,False,2024-08,2024,8,162.0,1.0,161.0,75.0,0.0,2.0
DAPUB1,DEAD ANIMAL REMOVAL,1,False,2024-09,2024,9,157.0,2.0,155.0,78.0,0.0,2.0
DAPUB1,DEAD ANIMAL REMOVAL,1,False,2024-10,2024,10,180.0,14.0,166.0,102.0,0.0,1.0
DAPUB1,DEAD ANIMAL REMOVAL,1,False,2024-11,2024,11,123.0,3.0,120.0,55.0,0.0,2.0
DAPUB1,DEAD ANIMAL REMOVAL,1,False,2024-12,2024,12,81.0,3.0,78.0,43.0,0.0,1.0
DAPUB1,DEAD ANIMAL REMOVAL,1,False,2025-01,2025,1,58.0,3.0,55.0,27.0,0.0,2.0
DAPUB1,DEAD ANIMAL REMOVAL,1,False,2025-02,2025,2,86.0,2.0,84.0,40.0,0.0,2.0
DAPUB1,DEAD ANIMAL REMOVAL,1,False,2025-03,2025,3,157.0,5.0,152.0,84.0,0.0,1.0
DAPUB1,DEAD ANIMAL REMOVAL,1,False,2025-04,2025,4,125.0,1.0,124.0,76.0,0.0,1.0
DAPUB1,DEAD ANIMAL REMOVAL,1,False,2025-05,2025,5,163.0,6.0,157.0,90.0,0.0,1.0
DAPUB1,DEAD ANIMAL REMOVAL,1,False,2025-06,2025,6,201.0,7.0,194.0,114.0,0.0,1.0
DAPUB1,DEAD ANIMAL REMOVAL,1,False,2025-07,2025,7,144.0,6.0,138.0,78.0,0.0,1.0
DAPUB1,DEAD ANIMAL REMOVAL,1,False,2025-08,2025,8,182.0,14.0,168.0,68.0,0.0,2.0
DAPUB1,DEAD ANIMAL REMOVAL,1,False,2025-09,2025,9,229.0,9.0,220.0,138.0,0.0,1.0
DAPUB1,DEAD ANIMAL REMOVAL,1,False,2025-10,2025,10,193.0,4.0,189.0,80.0,0.0,2.0
DAPUB1,DEAD ANIMAL REMOVAL,1,False,2025-11,2025,11,162.0,4.0,157.0,80.0,0.0,1.0
DAPUB1,DEAD ANIMAL REMOVAL,1,False,2025-12,2025,12,106.0,5.0,101.0,49.0,0.0,2.0
DAPUB1,DEAD ANIMAL REMOVAL,1,False,2026-01,2026,1,110.0,4.0,106.0,68.0,0.0,1.0
DAPUB1,DEAD ANIMAL REMOVAL,1,False,2026-02,2026,2,94.0,3.0,91.0,60.0,0.0,1.0
DAPUB1,DEAD ANIMAL REMOVAL,1,False,2026-03,2026,3,109.0,6.0,103.0,72.0,0.0,1.0
DAPUB1,DEAD ANIMAL REMOVAL,1,False,2026-04,2026,4,201.0,13.0,188.0,137.0,0.0,1.0
DAPUB1,DEAD ANIMAL REMOVAL,1,False,2026-05,2026,5,193.0,6.0,187.0,121.0,0.0,1.0
DAPUB1,DEAD ANIMAL REMOVAL,1,False,2026-06,2026,6,226.0,12.0,214.0,151.0,0.0,1.0
DAPUB1,DEAD ANIMAL REMOVAL,1,False,2026-07,2026,7,176.0,11.0,165.0,125.0,0.0,1.0
DAPUB1,DEAD ANIMAL REMOVAL,1,False,2026-08,2026,8,128.0,1.0,127.0,99.0,0.0,1.0
LITR-PRV,"LITTER, PRIVATE PROPERTY",45,True,2023-01,2023,1,485.0,90.0,395.0,322.0,0.0,14.0
LITR-PRV,"LITTER, PRIVATE PROPERTY",45,True,2023-02,2023,2,480.0,72.0,408.0,336.0,0.0,15.0
LITR-PRV,"LITTER, PRIVATE PROPERTY",45,True,2023-03,2023,3,434.0,63.0,371.0,329.0,0.0,9.0
LITR-PRV,"LITTER, PRIVATE PROPERTY",45,True,2023-04,2023,4,482.0,82.0,400.0,322.0,0.0,6.0
LITR-PRV,"LITTER, PRIVATE PROPERTY",45,True,2023-05,2023,5,430.0,65.0,365.0,290.0,0.0,14.0
LITR-PRV,"LITTER, PRIVATE PROPERTY",45,True,2023-06,2023,6,340.0,57.0,283.0,209.0,0.0,13.0
LITR-PRV,"LITTER, PRIVATE PROPERTY",45,True,2023-07,2023,7,400.0,55.0,345.0,267.0,0.0,7.0
LITR-PRV,"LITTER, PRIVATE PROPERTY",45,True,2023-08,2023,8,417.0,69.0,348.0,299.0,0.0,7.5
LITR-PRV,"LITTER, PRIVATE PROPERTY",45,True,2023-09,2023,9,353.0,58.0,295.0,246.0,0.0,5.0
LITR-PRV,"LITTER, PRIVATE PROPERTY",45,True,2023-10,2023,10,269.0,42.0,227.0,188.0,0.0,5.0
LITR-PRV,"LITTER, PRIVATE PROPERTY",45,True,2023-11,2023,11,242.0,45.0,196.0,169.0,0.0,7.0
LITR-PRV,"LITTER, PRIVATE PROPERTY",45,True,2023-12,2023,12,323.0,40.0,283.0,223.0,0.0,9.0
LITR-PRV,"LITTER, PRIVATE PROPERTY",45,True,2024-01,2024,1,336.0,47.0,289.0,221.0,6.0,9.0
LITR-PRV,"LITTER, PRIVATE PROPERTY",45,True,2024-02,2024,2,449.0,42.0,407.0,331.0,0.0,12.0
LITR-PRV,"LITTER, PRIVATE PROPERTY",45,True,2024-03,2024,3,407.0,39.0,368.0,289.0,1.0,9.0
LITR-PRV,"LITTER, PRIVATE PROPERTY",45,True,2024-04,2024,4,308.0,38.0,270.0,237.0,2.0,5.0
LITR-PRV,"LITTER, PRIVATE PROPERTY",45,True,2024-05,2024,5,293.0,56.0,237.0,211.0,0.0,6.0
LITR-PRV,"LITTER, PRIVATE PROPERTY",45,True,2024-06,2024,6,266.0,46.0,220.0,193.0,1.0,5.0
LITR-PRV,"LITTER, PRIVATE PROPERTY",45,True,2024-07,2024,7,387.0,42.0,345.0,297.0,1.0,4.0
LITR-PRV,"LITTER, PRIVATE PROPERTY",45,True,2024-08,2024,8,355.0,54.0,301.0,273.0,1.0,3.0
LITR-PRV,"LITTER, PRIVATE PROPERTY",45,True,2024-09,2024,9,327.0,51.0,276.0,236.0,2.0,4.0
LITR-PRV,"LITTER, PRIVATE PROPERTY",45,True,2024-10,2024,10,316.0,29.0,287.0,241.0,2.0,4.0
LITR-PRV,"LITTER, PRIVATE PROPERTY",45,True,2024-11,2024,11,307.0,48.0,259.0,217.0,0.0,9.0
LITR-PRV,"LITTER, PRIVATE PROPERTY",45,True,2024-12,2024,12,332.0,39.0,293.0,234.0,0.0,9.0
LITR-PRV,"LITTER, PRIVATE PROPERTY",45,True,2025-01,2025,1,179.0,29.0,150.0,118.0,1.0,9.0
LITR-PRV,"LITTER, PRIVATE PROPERTY",45,True,2025-02,2025,2,377.0,53.0,324.0,278.0,0.0,10.0
LITR-PRV,"LITTER, PRIVATE PROPERTY",45,True,2025-03,2025,3,529.0,90.0,439.0,378.0,0.0,5.0
LITR-PRV,"LITTER, PRIVATE PROPERTY",45,True,2025-04,2025,4,498.0,42.0,456.0,362.0,0.0,9.0
LITR-PRV,"LITTER, PRIVATE PROPERTY",45,True,2025-05,2025,5,354.0,59.0,295.0,248.0,0.0,9.0
LITR-PRV,"LITTER, PRIVATE PROPERTY",45,True,2025-06,2025,6,393.0,43.0,350.0,304.0,0.0,5.0
LITR-PRV,"LITTER, PRIVATE PROPERTY",45,True,2025-07,2025,7,466.0,81.0,385.0,313.0,0.0,5.0
LITR-PRV,"LITTER, PRIVATE PROPERTY",45,True,2025-08,2025,8,379.0,59.0,320.0,283.0,0.0,7.0
LITR-PRV,"LITTER, PRIVATE PROPERTY",45,True,2025-09,2025,9,349.0,48.0,301.0,260.0,0.0,6.0
LITR-PRV,"LITTER, PRIVATE PROPERTY",45,True,2025-10,2025,10,307.0,53.0,254.0,209.0,3.0,9.0
LITR-PRV,"LITTER, PRIVATE PROPERTY",45,True,2025-11,2025,11,194.0,30.0,164.0,136.0,0.0,14.0
LITR-PRV,"LITTER, PRIVATE PROPERTY",45,True,2025-12,2025,12,250.0,37.0,213.0,184.0,0.0,11.0
LITR-PRV,"LITTER, PRIVATE PROPERTY",45,True,2026-01,2026,1,334.0,121.0,213.0,181.0,0.0,14.0
LITR-PRV,"LITTER, PRIVATE PROPERTY",45,True,2026-02,2026,2,272.0,33.0,239.0,212.0,0.0,9.0
LITR-PRV,"LITTER, PRIVATE PROPERTY",45,True,2026-03,2026,3,470.0,78.0,392.0,359.0,3.0,12.0
LITR-PRV,"LITTER, PRIVATE PROPERTY",45,True,2026-04,2026,4,332.0,43.0,289.0,257.0,3.0,9.0
LITR-PRV,"LITTER, PRIVATE PROPERTY",45,True,2026-05,2026,5,246.0,34.0,212.0,193.0,0.0,12.0
LITR-PRV,"LITTER, PRIVATE PROPERTY",45,True,2026-06,2026,6,349.0,60.0,289.0,276.0,5.0,8.5
LITR-PRV,"LITTER, PRIVATE PROPERTY",45,True,2026-07,2026,7,406.0,47.0,359.0,354.0,3.0,4.0
LITR-PRV,"LITTER, PRIVATE PROPERTY",45,True,2026-08,2026,8,403.0,60.0,30.0,30.0,0.0,4.0
MTL-FRN,"METAL FURNITURE, SPEC COLLECTN",14,False,2023-01,2023,1,1899.0,4.0,1895.0,315.0,0.0,17.0
MTL-FRN,"METAL FURNITURE, SPEC COLLECTN",14,False,2023-02,2023,2,2018.0,10.0,2008.0,889.0,0.0,15.0
MTL-FRN,"METAL FURNITURE, SPEC COLLECTN",14,False,2023-03,2023,3,2392.0,3.0,2389.0,1484.0,0.0,13.0
MTL-FRN,"METAL FURNITURE, SPEC COLLECTN",14,False,2023-04,2023,4,2294.0,7.0,2287.0,2219.0,0.0,8.0
MTL-FRN,"METAL FURNITURE, SPEC COLLECTN",14,False,2023-05,2023,5,2693.0,0.0,2693.0,2604.0,0.0,7.0
MTL-FRN,"METAL FURNITURE, SPEC COLLECTN",14,False,2023-06,2023,6,2626.0,6.0,2620.0,2523.0,0.0,7.0
MTL-FRN,"METAL FURNITURE, SPEC COLLECTN",14,False,2023-07,2023,7,3109.0,5.0,3104.0,2890.0,0.0,9.0
MTL-FRN,"METAL FURNITURE, SPEC COLLECTN",14,False,2023-08,2023,8,2810.0,1.0,2809.0,1848.0,0.0,13.0
MTL-FRN,"METAL FURNITURE, SPEC COLLECTN",14,False,2023-09,2023,9,2385.0,8.0,2377.0,2101.0,0.0,11.0
MTL-FRN,"METAL FURNITURE, SPEC COLLECTN",14,False,2023-10,2023,10,2374.0,0.0,2374.0,2306.0,0.0,7.0
MTL-FRN,"METAL FURNITURE, SPEC COLLECTN",14,False,2023-11,2023,11,2292.0,0.0,2292.0,2235.0,0.0,6.0
MTL-FRN,"METAL FURNITURE, SPEC COLLECTN",14,False,2023-12,2023,12,2030.0,1.0,2029.0,1981.0,0.0,5.0
MTL-FRN,"METAL FURNITURE, SPEC COLLECTN",14,False,2024-01,2024,1,2163.0,0.0,2161.0,2077.0,0.0,5.0
MTL-FRN,"METAL FURNITURE, SPEC COLLECTN",14,False,2024-02,2024,2,2300.0,2.0,2297.0,2235.0,0.0,5.0
MTL-FRN,"METAL FURNITURE, SPEC COLLECTN",14,False,2024-03,2024,3,2701.0,2.0,2699.0,2643.0,0.0,6.0
MTL-FRN,"METAL FURNITURE, SPEC COLLECTN",14,False,2024-04,2024,4,2897.0,5.0,2892.0,2817.0,0.0,5.0
MTL-FRN,"METAL FURNITURE, SPEC COLLECTN",14,False,2024-05,2024,5,3057.0,7.0,3050.0,2978.0,0.0,7.0
MTL-FRN,"METAL FURNITURE, SPEC COLLECTN",14,False,2024-06,2024,6,2673.0,4.0,2669.0,2380.0,0.0,11.0
MTL-FRN,"METAL FURNITURE, SPEC COLLECTN",14,False,2024-07,2024,7,3299.0,5.0,3293.0,2068.0,0.0,14.0
MTL-FRN,"METAL FURNITURE, SPEC COLLECTN",14,False,2024-08,2024,8,2650.0,4.0,2646.0,969.0,0.0,15.0
MTL-FRN,"METAL FURNITURE, SPEC COLLECTN",14,False,2024-09,2024,9,2472.0,4.0,2463.0,1757.0,0.0,13.0
MTL-FRN,"METAL FURNITURE, SPEC COLLECTN",14,False,2024-10,2024,10,2586.0,5.0,2581.0,2400.0,0.0,10.0
MTL-FRN,"METAL FURNITURE, SPEC COLLECTN",14,False,2024-11,2024,11,2277.0,2.0,2274.0,2144.0,0.0,8.0
MTL-FRN,"METAL FURNITURE, SPEC COLLECTN",14,False,2024-12,2024,12,2328.0,4.0,2322.0,2227.0,0.0,6.0
MTL-FRN,"METAL FURNITURE, SPEC COLLECTN",14,False,2025-01,2025,1,1867.0,6.0,1861.0,1611.0,0.0,5.0
MTL-FRN,"METAL FURNITURE, SPEC COLLECTN",14,False,2025-02,2025,2,2264.0,7.0,2255.0,1475.0,0.0,7.0
MTL-FRN,"METAL FURNITURE, SPEC COLLECTN",14,False,2025-03,2025,3,3183.0,7.0,3176.0,2004.0,0.0,11.0
MTL-FRN,"METAL FURNITURE, SPEC COLLECTN",14,False,2025-04,2025,4,3055.0,8.0,3047.0,1959.0,0.0,13.0
MTL-FRN,"METAL FURNITURE, SPEC COLLECTN",14,False,2025-05,2025,5,2929.0,8.0,2921.0,1668.0,0.0,14.0
MTL-FRN,"METAL FURNITURE, SPEC COLLECTN",14,False,2025-06,2025,6,3047.0,5.0,3034.0,452.0,0.0,18.5
MTL-FRN,"METAL FURNITURE, SPEC COLLECTN",14,False,2025-07,2025,7,3257.0,8.0,3249.0,275.0,0.0,21.0
MTL-FRN,"METAL FURNITURE, SPEC COLLECTN",14,False,2025-08,2025,8,2876.0,11.0,2865.0,147.0,0.0,24.0
MTL-FRN,"METAL FURNITURE, SPEC COLLECTN",14,False,2025-09,2025,9,2542.0,20.0,2522.0,1762.0,1.0,22.0
MTL-FRN,"METAL FURNITURE, SPEC COLLECTN",14,False,2025-10,2025,10,2532.0,3.0,2529.0,2525.0,0.0,12.0
MTL-FRN,"METAL FURNITURE, SPEC COLLECTN",14,False,2025-11,2025,11,2390.0,10.0,2380.0,2185.0,0.0,6.0
MTL-FRN,"METAL FURNITURE, SPEC COLLECTN",14,False,2025-12,2025,12,2322.0,4.0,2317.0,2191.0,0.0,5.0
MTL-FRN,"METAL FURNITURE, SPEC COLLECTN",14,False,2026-01,2026,1,2203.0,3.0,2200.0,2104.0,0.0,5.0
MTL-FRN,"METAL FURNITURE, SPEC COLLECTN",14,False,2026-02,2026,2,2174.0,5.0,2167.0,2160.0,0.0,4.0
MTL-FRN,"METAL FURNITURE, SPEC COLLECTN",14,False,2026-03,2026,3,3584.0,9.0,3575.0,3478.0,0.0,4.0
MTL-FRN,"METAL FURNITURE, SPEC COLLECTN",14,False,2026-04,2026,4,3345.0,11.0,3334.0,3191.0,82.0,5.0
MTL-FRN,"METAL FURNITURE, SPEC COLLECTN",14,False,2026-05,2026,5,3179.0,8.0,3171.0,2910.0,238.0,5.0
MTL-FRN,"METAL FURNITURE, SPEC COLLECTN",14,False,2026-06,2026,6,3571.0,29.0,3541.0,3181.0,336.0,7.0
MTL-FRN,"METAL FURNITURE, SPEC COLLECTN",14,False,2026-07,2026,7,3942.0,25.0,3917.0,2985.0,534.0,11.0
MTL-FRN,"METAL FURNITURE, SPEC COLLECTN",14,False,2026-08,2026,8,3083.0,11.0,3072.0,2113.0,336.0,12.0
NEW96CRT,"RECYCLING, NEW 96 GALLON CART",10,False,2023-01,2023,1,82.0,0.0,82.0,81.0,0.0,4.5
NEW96CRT,"RECYCLING, NEW 96 GALLON CART",10,False,2023-02,2023,2,58.0,0.0,58.0,55.0,0.0,6.0
NEW96CRT,"RECYCLING, NEW 96 GALLON CART",10,False,2023-03,2023,3,114.0,0.0,114.0,111.0,0.0,6.0
NEW96CRT,"RECYCLING, NEW 96 GALLON CART",10,False,2023-04,2023,4,114.0,0.0,114.0,111.0,0.0,6.0
NEW96CRT,"RECYCLING, NEW 96 GALLON CART",10,False,2023-05,2023,5,111.0,1.0,110.0,94.0,0.0,6.0
NEW96CRT,"RECYCLING, NEW 96 GALLON CART",10,False,2023-06,2023,6,91.0,0.0,91.0,85.0,0.0,5.0
NEW96CRT,"RECYCLING, NEW 96 GALLON CART",10,False,2023-07,2023,7,110.0,0.0,110.0,102.0,0.0,5.0
NEW96CRT,"RECYCLING, NEW 96 GALLON CART",10,False,2023-08,2023,8,105.0,0.0,105.0,95.0,0.0,6.0
NEW96CRT,"RECYCLING, NEW 96 GALLON CART",10,False,2023-09,2023,9,78.0,0.0,78.0,74.0,0.0,5.0
NEW96CRT,"RECYCLING, NEW 96 GALLON CART",10,False,2023-10,2023,10,88.0,0.0,88.0,83.0,0.0,6.0
NEW96CRT,"RECYCLING, NEW 96 GALLON CART",10,False,2023-11,2023,11,62.0,0.0,62.0,57.0,0.0,5.5
NEW96CRT,"RECYCLING, NEW 96 GALLON CART",10,False,2023-12,2023,12,75.0,1.0,74.0,63.0,0.0,7.0
NEW96CRT,"RECYCLING, NEW 96 GALLON CART",10,False,2024-01,2024,1,89.0,0.0,89.0,85.0,0.0,6.0
NEW96CRT,"RECYCLING, NEW 96 GALLON CART",10,False,2024-02,2024,2,83.0,0.0,83.0,73.0,0.0,6.0
NEW96CRT,"RECYCLING, NEW 96 GALLON CART",10,False,2024-03,2024,3,66.0,0.0,66.0,64.0,0.0,5.0
NEW96CRT,"RECYCLING, NEW 96 GALLON CART",10,False,2024-04,2024,4,87.0,0.0,87.0,78.0,0.0,5.0
NEW96CRT,"RECYCLING, NEW 96 GALLON CART",10,False,2024-05,2024,5,103.0,0.0,103.0,101.0,0.0,6.0
NEW96CRT,"RECYCLING, NEW 96 GALLON CART",10,False,2024-06,2024,6,76.0,0.0,76.0,53.0,0.0,8.0
NEW96CRT,"RECYCLING, NEW 96 GALLON CART",10,False,2024-07,2024,7,104.0,1.0,103.0,98.0,0.0,6.0
NEW96CRT,"RECYCLING, NEW 96 GALLON CART",10,False,2024-08,2024,8,75.0,0.0,75.0,54.0,0.0,7.0
NEW96CRT,"RECYCLING, NEW 96 GALLON CART",10,False,2024-09,2024,9,61.0,0.0,61.0,33.0,0.0,10.0
NEW96CRT,"RECYCLING, NEW 96 GALLON CART",10,False,2024-10,2024,10,70.0,0.0,70.0,65.0,0.0,6.0
NEW96CRT,"RECYCLING, NEW 96 GALLON CART",10,False,2024-11,2024,11,73.0,0.0,73.0,64.0,0.0,6.0
NEW96CRT,"RECYCLING, NEW 96 GALLON CART",10,False,2024-12,2024,12,76.0,0.0,76.0,70.0,0.0,5.5
NEW96CRT,"RECYCLING, NEW 96 GALLON CART",10,False,2025-01,2025,1,82.0,0.0,82.0,80.0,0.0,6.0
NEW96CRT,"RECYCLING, NEW 96 GALLON CART",10,False,2025-02,2025,2,75.0,0.0,75.0,68.0,0.0,6.0
NEW96CRT,"RECYCLING, NEW 96 GALLON CART",10,False,2025-03,2025,3,90.0,0.0,90.0,82.0,0.0,7.0
NEW96CRT,"RECYCLING, NEW 96 GALLON CART",10,False,2025-04,2025,4,82.0,0.0,82.0,76.0,0.0,6.0
NEW96CRT,"RECYCLING, NEW 96 GALLON CART",10,False,2025-05,2025,5,102.0,0.0,102.0,97.0,0.0,6.0
NEW96CRT,"RECYCLING, NEW 96 GALLON CART",10,False,2025-06,2025,6,98.0,0.0,98.0,89.0,0.0,7.0
NEW96CRT,"RECYCLING, NEW 96 GALLON CART",10,False,2025-07,2025,7,112.0,1.0,111.0,27.0,0.0,79.0
NEW96CRT,"RECYCLING, NEW 96 GALLON CART",10,False,2025-08,2025,8,102.0,0.0,102.0,8.0,0.0,53.0
NEW96CRT,"RECYCLING, NEW 96 GALLON CART",10,False,2025-09,2025,9,71.0,1.0,70.0,22.0,0.0,34.5
NEW96CRT,"RECYCLING, NEW 96 GALLON CART",10,False,2025-10,2025,10,68.0,0.0,68.0,57.0,0.0,7.0
NEW96CRT,"RECYCLING, NEW 96 GALLON CART",10,False,2025-11,2025,11,62.0,0.0,62.0,60.0,0.0,6.0
NEW96CRT,"RECYCLING, NEW 96 GALLON CART",10,False,2025-12,2025,12,78.0,0.0,78.0,77.0,0.0,6.0
NEW96CRT,"RECYCLING, NEW 96 GALLON CART",10,False,2026-01,2026,1,69.0,0.0,69.0,67.0,0.0,5.0
NEW96CRT,"RECYCLING, NEW 96 GALLON CART",10,False,2026-02,2026,2,85.0,0.0,85.0,82.0,0.0,6.0
NEW96CRT,"RECYCLING, NEW 96 GALLON CART",10,False,2026-03,2026,3,87.0,1.0,86.0,85.0,0.0,6.0
NEW96CRT,"RECYCLING, NEW 96 GALLON CART",10,False,2026-04,2026,4,135.0,0.0,135.0,130.0,0.0,7.0
NEW96CRT,"RECYCLING, NEW 96 GALLON CART",10,False,2026-05,2026,5,201.0,0.0,201.0,154.0,0.0,7.0
NEW96CRT,"RECYCLING, NEW 96 GALLON CART",10,False,2026-06,2026,6,140.0,0.0,140.0,130.0,0.0,6.5
NEW96CRT,"RECYCLING, NEW 96 GALLON CART",10,False,2026-07,2026,7,155.0,0.0,155.0,146.0,0.0,6.0
NEW96CRT,"RECYCLING, NEW 96 GALLON CART",10,False,2026-08,2026,8,119.0,0.0,119.0,106.0,2.0,7.0
PLCJUNKV,"VEHICLE, ABANDONED IN STREET",1,False,2023-01,2023,1,230.0,14.0,216.0,8.0,0.0,17.0
PLCJUNKV,"VEHICLE, ABANDONED IN STREET",1,False,2023-02,2023,2,390.0,31.0,358.0,22.0,0.0,12.5
PLCJUNKV,"VEHICLE, ABANDONED IN STREET",1,False,2023-03,2023,3,445.0,37.0,408.0,45.0,0.0,9.0
PLCJUNKV,"VEHICLE, ABANDONED IN STREET",1,False,2023-04,2023,4,415.0,33.0,382.0,57.0,0.0,8.0
PLCJUNKV,"VEHICLE, ABANDONED IN STREET",1,False,2023-05,2023,5,426.0,26.0,400.0,46.0,0.0,12.0
PLCJUNKV,"VEHICLE, ABANDONED IN STREET",1,False,2023-06,2023,6,418.0,27.0,391.0,49.0,0.0,9.0
PLCJUNKV,"VEHICLE, ABANDONED IN STREET",1,False,2023-07,2023,7,419.0,22.0,397.0,38.0,0.0,11.0
PLCJUNKV,"VEHICLE, ABANDONED IN STREET",1,False,2023-08,2023,8,474.0,34.0,438.0,123.0,0.0,8.0
PLCJUNKV,"VEHICLE, ABANDONED IN STREET",1,False,2023-09,2023,9,376.0,19.0,357.0,113.0,0.0,10.0
PLCJUNKV,"VEHICLE, ABANDONED IN STREET",1,False,2023-10,2023,10,393.0,31.0,361.0,128.0,0.0,9.0
PLCJUNKV,"VEHICLE, ABANDONED IN STREET",1,False,2023-11,2023,11,340.0,12.0,328.0,121.0,0.0,9.0
PLCJUNKV,"VEHICLE, ABANDONED IN STREET",1,False,2023-12,2023,12,367.0,15.0,352.0,125.0,0.0,8.0
PLCJUNKV,"VEHICLE, ABANDONED IN STREET",1,False,2024-01,2024,1,415.0,22.0,393.0,118.0,0.0,10.0
PLCJUNKV,"VEHICLE, ABANDONED IN STREET",1,False,2024-02,2024,2,467.0,30.0,437.0,145.0,0.0,8.0
PLCJUNKV,"VEHICLE, ABANDONED IN STREET",1,False,2024-03,2024,3,458.0,43.0,415.0,187.0,0.0,7.0
PLCJUNKV,"VEHICLE, ABANDONED IN STREET",1,False,2024-04,2024,4,425.0,24.0,401.0,274.0,0.0,7.0
PLCJUNKV,"VEHICLE, ABANDONED IN STREET",1,False,2024-05,2024,5,424.0,36.0,388.0,267.0,0.0,7.0
PLCJUNKV,"VEHICLE, ABANDONED IN STREET",1,False,2024-06,2024,6,389.0,31.0,358.0,238.0,0.0,7.0
PLCJUNKV,"VEHICLE, ABANDONED IN STREET",1,False,2024-07,2024,7,414.0,36.0,378.0,231.0,0.0,7.0
PLCJUNKV,"VEHICLE, ABANDONED IN STREET",1,False,2024-08,2024,8,494.0,16.0,478.0,302.0,0.0,7.0
PLCJUNKV,"VEHICLE, ABANDONED IN STREET",1,False,2024-09,2024,9,408.0,12.0,395.0,317.0,0.0,5.0
PLCJUNKV,"VEHICLE, ROW JUNK/ABAN",7,False,2024-10,2024,10,270.0,5.0,265.0,191.0,1.0,4.0
PLCJUNKV,"VEHICLE, ROW JUNK/ABAN",7,False,2024-11,2024,11,189.0,6.0,183.0,122.0,0.0,6.0
PLCJUNKV,"VEHICLE, ROW JUNK/ABAN",7,False,2024-12,2024,12,206.0,11.0,195.0,103.0,0.0,7.0
PLCJUNKV,"VEHICLE, ROW JUNK/ABAN",7,False,2025-01,2025,1,219.0,15.0,204.0,107.0,0.0,7.0
PLCJUNKV,"VEHICLE, ROW JUNK/ABAN",7,False,2025-02,2025,2,242.0,16.0,226.0,125.0,1.0,6.0
PLCJUNKV,"VEHICLE, ROW JUNK/ABAN",7,False,2025-03,2025,3,281.0,11.0,270.0,147.0,0.0,7.0
PLCJUNKV,"VEHICLE, ROW JUNK/ABAN",7,False,2025-04,2025,4,259.0,13.0,246.0,173.0,0.0,5.0
PLCJUNKV,"VEHICLE, ROW JUNK/ABAN",7,False,2025-05,2025,5,198.0,7.0,191.0,102.0,0.0,7.0
PLCJUNKV,"VEHICLE, ROW JUNK/ABAN",7,False,2025-06,2025,6,137.0,0.0,137.0,82.0,1.0,7.0
PLCJUNKV,"VEHICLE, ROW JUNK/ABAN",7,False,2025-07,2025,7,146.0,3.0,143.0,86.0,1.0,6.0
PLCJUNKV,"VEHICLE, ROW JUNK/ABAN",7,False,2025-08,2025,8,144.0,4.0,140.0,67.0,3.0,8.0
PLCJUNKV,"VEHICLE, ROW JUNK/ABAN",7,False,2025-09,2025,9,141.0,3.0,138.0,74.0,0.0,7.0
PLCJUNKV,"VEHICLE, ROW JUNK/ABAN",7,False,2025-10,2025,10,111.0,3.0,108.0,64.0,2.0,7.0
PLCJUNKV,"VEHICLE, ROW JUNK/ABAN",7,False,2025-11,2025,11,93.0,1.0,92.0,71.0,4.0,6.0
PLCJUNKV,"VEHICLE, ROW JUNK/ABAN",7,False,2025-12,2025,12,128.0,5.0,123.0,106.0,4.0,8.0
PLCJUNKV,"VEHICLE, ROW JUNK/ABAN",7,False,2026-01,2026,1,124.0,1.0,122.0,109.0,0.0,6.0
PLCJUNKV,"VEHICLE, ROW JUNK/ABAN",7,False,2026-02,2026,2,134.0,5.0,129.0,119.0,2.0,6.0
PLCJUNKV,"VEHICLE, ROW JUNK/ABAN",7,False,2026-03,2026,3,164.0,6.0,156.0,131.0,4.0,7.0
PLCJUNKV,"VEHICLE, ROW JUNK/ABAN",7,False,2026-04,2026,4,160.0,8.0,152.0,128.0,9.0,7.0
PLCJUNKV,"VEHICLE, ROW JUNK/ABAN",7,False,2026-05,2026,5,157.0,8.0,149.0,113.0,11.0,6.0
PLCJUNKV,"VEHICLE, ROW JUNK/ABAN",7,False,2026-06,2026,6,156.0,7.0,149.0,116.0,16.0,7.0
PLCJUNKV,"VEHICLE, ROW JUNK/ABAN",7,False,2026-07,2026,7,163.0,2.0,159.0,133.0,11.0,8.0
PLCJUNKV,"VEHICLE, ROW JUNK/ABAN",7,False,2026-08,2026,8,138.0,3.0,121.0,97.0,16.0,8.0
PTHOLE,"POTHOLE, REPAIR",12,True,2023-01,2023,1,483.0,35.0,448.0,437.0,0.0,1.0
PTHOLE,"POTHOLE, REPAIR",12,True,2023-02,2023,2,787.0,49.0,738.0,738.0,0.0,1.0
PTHOLE,"POTHOLE, REPAIR",12,True,2023-03,2023,3,634.0,38.0,596.0,575.0,0.0,1.0
PTHOLE,"POTHOLE, REPAIR",12,True,2023-04,2023,4,698.0,74.0,624.0,560.0,0.0,3.0
PTHOLE,"POTHOLE, REPAIR",12,True,2023-05,2023,5,397.0,43.0,354.0,291.0,0.0,5.0
PTHOLE,"POTHOLE, REPAIR",12,True,2023-06,2023,6,188.0,35.0,153.0,122.0,0.0,7.0
PTHOLE,"POTHOLE, REPAIR",12,True,2023-07,2023,7,171.0,18.0,153.0,151.0,0.0,2.0
PTHOLE,"POTHOLE, REPAIR",12,True,2023-08,2023,8,121.0,4.0,117.0,114.0,0.0,2.0
PTHOLE,"POTHOLE, REPAIR",12,True,2023-09,2023,9,94.0,6.0,88.0,87.0,0.0,3.0
PTHOLE,"POTHOLE, REPAIR",12,True,2023-10,2023,10,83.0,3.0,79.0,69.0,0.0,5.0
PTHOLE,"POTHOLE, REPAIR",12,True,2023-11,2023,11,150.0,10.0,140.0,140.0,0.0,1.0
PTHOLE,"POTHOLE, REPAIR",12,True,2023-12,2023,12,281.0,3.0,278.0,278.0,0.0,0.0
PTHOLE,"POTHOLE, REPAIR",12,True,2024-01,2024,1,847.0,187.0,660.0,643.0,0.0,2.0
PTHOLE,"POTHOLE, REPAIR",12,True,2024-02,2024,2,743.0,69.0,667.0,667.0,0.0,1.0
PTHOLE,"POTHOLE, REPAIR",12,True,2024-03,2024,3,587.0,43.0,533.0,508.0,0.0,2.0
PTHOLE,"POTHOLE, REPAIR",12,True,2024-04,2024,4,713.0,141.0,572.0,477.0,0.0,5.0
PTHOLE,"POTHOLE, REPAIR",12,True,2024-05,2024,5,368.0,31.0,337.0,318.0,0.0,2.0
PTHOLE,"POTHOLE, REPAIR",12,True,2024-06,2024,6,176.0,10.0,166.0,156.0,0.0,3.0
PTHOLE,"POTHOLE, REPAIR",12,True,2024-07,2024,7,194.0,7.0,187.0,173.0,0.0,3.0
PTHOLE,"POTHOLE, REPAIR",12,True,2024-08,2024,8,152.0,7.0,145.0,131.0,0.0,3.0
PTHOLE,"POTHOLE, REPAIR",12,True,2024-09,2024,9,125.0,16.0,109.0,81.0,0.0,5.0
PTHOLE,"POTHOLE, REPAIR",12,True,2024-10,2024,10,152.0,14.0,138.0,127.0,0.0,2.0
PTHOLE,"POTHOLE, REPAIR",12,True,2024-11,2024,11,197.0,14.0,183.0,179.0,0.0,1.0
PTHOLE,"POTHOLE, REPAIR",12,True,2024-12,2024,12,432.0,1.0,431.0,429.0,0.0,1.0
PTHOLE,"POTHOLE, REPAIR",12,True,2025-01,2025,1,880.0,69.0,808.0,740.0,0.0,3.0
PTHOLE,"POTHOLE, REPAIR",12,True,2025-02,2025,2,3298.0,524.0,2766.0,2208.0,0.0,6.0
PTHOLE,"POTHOLE, REPAIR",12,True,2025-03,2025,3,1434.0,173.0,1253.0,1238.0,0.0,2.0
PTHOLE,"POTHOLE, REPAIR",12,True,2025-04,2025,4,1621.0,275.0,1344.0,1248.0,0.0,3.0
PTHOLE,"POTHOLE, REPAIR",12,True,2025-05,2025,5,750.0,128.0,622.0,591.0,0.0,3.0
PTHOLE,"POTHOLE, REPAIR",12,True,2025-06,2025,6,435.0,32.0,403.0,386.0,0.0,2.0
PTHOLE,"POTHOLE, REPAIR",12,True,2025-07,2025,7,372.0,34.0,338.0,328.0,0.0,4.0
PTHOLE,"POTHOLE, REPAIR",12,True,2025-08,2025,8,251.0,10.0,241.0,241.0,0.0,2.0
PTHOLE,"POTHOLE, REPAIR",12,True,2025-09,2025,9,215.0,3.0,212.0,212.0,0.0,1.0
PTHOLE,"POTHOLE, REPAIR",12,True,2025-10,2025,10,223.0,8.0,215.0,215.0,0.0,1.0
PTHOLE,"POTHOLE, REPAIR",12,True,2025-11,2025,11,233.0,8.0,225.0,213.0,0.0,2.0
PTHOLE,"POTHOLE, REPAIR",12,True,2025-12,2025,12,653.0,81.0,572.0,572.0,0.0,2.0
PTHOLE,"POTHOLE, REPAIR",12,True,2026-01,2026,1,797.0,71.0,726.0,682.0,0.0,1.0
PTHOLE,"POTHOLE, REPAIR",12,True,2026-02,2026,2,1405.0,130.0,1275.0,1270.0,0.0,1.0
PTHOLE,"POTHOLE, REPAIR",12,True,2026-03,2026,3,1808.0,173.0,1635.0,1609.0,0.0,2.0
PTHOLE,"POTHOLE, REPAIR",12,True,2026-04,2026,4,698.0,39.0,658.0,646.0,0.0,2.0
PTHOLE,"POTHOLE, REPAIR",12,True,2026-05,2026,5,721.0,44.0,677.0,638.0,0.0,3.0
PTHOLE,"POTHOLE, REPAIR",12,True,2026-06,2026,6,666.0,45.0,621.0,556.0,0.0,4.0
PTHOLE,"POTHOLE, REPAIR",12,True,2026-07,2026,7,445.0,22.0,423.0,402.0,0.0,3.0
PTHOLE,"POTHOLE, REPAIR",12,True,2026-08,2026,8,349.0,7.0,342.0,335.0,0.0,2.0
RCYCLNG,"RECYCLING, COLLECT GREEN CART",1,False,2023-01,2023,1,115.0,3.0,112.0,104.0,0.0,1.0
RCYCLNG,"RECYCLING, COLLECT GREEN CART",1,False,2023-02,2023,2,102.0,2.0,100.0,97.0,0.0,1.0
RCYCLNG,"RECYCLING, COLLECT GREEN CART",1,False,2023-03,2023,3,137.0,4.0,133.0,128.0,0.0,1.0
RCYCLNG,"RECYCLING, COLLECT GREEN CART",1,False,2023-04,2023,4,163.0,1.0,162.0,154.0,0.0,1.0
RCYCLNG,"RECYCLING, COLLECT GREEN CART",1,False,2023-05,2023,5,161.0,2.0,159.0,148.0,0.0,1.0
RCYCLNG,"RECYCLING, COLLECT GREEN CART",1,False,2023-06,2023,6,210.0,2.0,207.0,176.0,0.0,1.0
RCYCLNG,"RECYCLING, COLLECT GREEN CART",1,False,2023-07,2023,7,185.0,5.0,180.0,167.0,0.0,1.0
RCYCLNG,"RECYCLING, COLLECT GREEN CART",1,False,2023-08,2023,8,198.0,1.0,196.0,193.0,0.0,1.0
RCYCLNG,"RECYCLING, COLLECT GREEN CART",1,False,2023-09,2023,9,178.0,4.0,173.0,160.0,0.0,0.0
RCYCLNG,"RECYCLING, COLLECT GREEN CART",1,False,2023-10,2023,10,182.0,7.0,175.0,168.0,0.0,0.0
RCYCLNG,"RECYCLING, COLLECT GREEN CART",1,False,2023-11,2023,11,175.0,4.0,170.0,157.0,0.0,0.5
RCYCLNG,"RECYCLING, COLLECT GREEN CART",1,False,2023-12,2023,12,139.0,1.0,136.0,132.0,0.0,0.0
RCYCLNG,"RECYCLING, COLLECT GREEN CART",1,False,2024-01,2024,1,205.0,1.0,204.0,175.0,0.0,0.0
RCYCLNG,"RECYCLING, COLLECT GREEN CART",1,False,2024-02,2024,2,140.0,0.0,140.0,134.0,0.0,1.0
RCYCLNG,"RECYCLING, COLLECT GREEN CART",1,False,2024-03,2024,3,147.0,2.0,145.0,140.0,0.0,0.0
RCYCLNG,"RECYCLING, COLLECT GREEN CART",1,False,2024-04,2024,4,169.0,0.0,169.0,165.0,0.0,0.0
RCYCLNG,"RECYCLING, COLLECT GREEN CART",1,False,2024-05,2024,5,157.0,1.0,155.0,150.0,0.0,1.0
RCYCLNG,"RECYCLING, COLLECT GREEN CART",1,False,2024-06,2024,6,143.0,3.0,139.0,121.0,0.0,1.0
RCYCLNG,"RECYCLING, COLLECT GREEN CART",1,False,2024-07,2024,7,163.0,2.0,160.0,147.0,0.0,1.0
RCYCLNG,"RECYCLING, COLLECT GREEN CART",1,False,2024-08,2024,8,139.0,0.0,138.0,129.0,0.0,0.0
RCYCLNG,"RECYCLING, COLLECT GREEN CART",1,False,2024-09,2024,9,157.0,2.0,154.0,146.0,0.0,1.0
RCYCLNG,"RECYCLING, COLLECT GREEN CART",1,False,2024-10,2024,10,189.0,3.0,186.0,181.0,0.0,1.0
RCYCLNG,"RECYCLING, COLLECT GREEN CART",1,False,2024-11,2024,11,126.0,0.0,126.0,110.0,0.0,1.0
RCYCLNG,"RECYCLING, COLLECT GREEN CART",1,False,2024-12,2024,12,156.0,0.0,153.0,142.0,0.0,1.0
RCYCLNG,"RECYCLING, COLLECT GREEN CART",1,False,2025-01,2025,1,425.0,3.0,421.0,145.0,0.0,14.0
RCYCLNG,"RECYCLING, COLLECT GREEN CART",1,False,2025-02,2025,2,128.0,1.0,127.0,111.0,0.0,1.0
RCYCLNG,"RECYCLING, COLLECT GREEN CART",1,False,2025-03,2025,3,137.0,0.0,136.0,132.0,0.0,1.0
RCYCLNG,"RECYCLING, COLLECT GREEN CART",1,False,2025-04,2025,4,176.0,0.0,176.0,170.0,0.0,1.0
RCYCLNG,"RECYCLING, COLLECT GREEN CART",1,False,2025-05,2025,5,164.0,0.0,164.0,163.0,0.0,1.0
RCYCLNG,"RECYCLING, COLLECT GREEN CART",1,False,2025-06,2025,6,207.0,0.0,205.0,198.0,0.0,1.0
RCYCLNG,"RECYCLING, COLLECT GREEN CART",1,False,2025-07,2025,7,256.0,0.0,256.0,251.0,0.0,1.0
RCYCLNG,"RECYCLING, COLLECT GREEN CART",1,False,2025-08,2025,8,187.0,0.0,184.0,184.0,0.0,0.0
RCYCLNG,"RECYCLING, COLLECT GREEN CART",1,False,2025-09,2025,9,189.0,0.0,188.0,188.0,0.0,1.0
RCYCLNG,"RECYCLING, COLLECT GREEN CART",1,False,2025-10,2025,10,172.0,0.0,172.0,172.0,0.0,1.0
RCYCLNG,"RECYCLING, COLLECT GREEN CART",1,False,2025-11,2025,11,145.0,0.0,143.0,143.0,0.0,1.0
RCYCLNG,"RECYCLING, COLLECT GREEN CART",1,False,2025-12,2025,12,298.0,0.0,294.0,290.0,0.0,1.0
RCYCLNG,"RECYCLING, COLLECT GREEN CART",1,False,2026-01,2026,1,240.0,0.0,239.0,239.0,0.0,1.0
RCYCLNG,"RECYCLING, COLLECT GREEN CART",1,False,2026-02,2026,2,206.0,0.0,201.0,201.0,0.0,1.0
RCYCLNG,"RECYCLING, COLLECT GREEN CART",1,False,2026-03,2026,3,208.0,0.0,208.0,207.0,0.0,1.0
RCYCLNG,"RECYCLING, COLLECT GREEN CART",1,False,2026-04,2026,4,173.0,0.0,173.0,173.0,0.0,1.0
RCYCLNG,"RECYCLING, COLLECT GREEN CART",1,False,2026-05,2026,5,192.0,0.0,191.0,190.0,0.0,1.0
RCYCLNG,"RECYCLING, COLLECT GREEN CART",1,False,2026-06,2026,6,254.0,0.0,252.0,251.0,0.0,1.0
RCYCLNG,"RECYCLING, COLLECT GREEN CART",1,False,2026-07,2026,7,290.0,0.0,290.0,290.0,0.0,1.0
RCYCLNG,"RECYCLING, COLLECT GREEN CART",1,False,2026-08,2026,8,261.0,0.0,252.0,250.0,1.0,0.0
REPAIR96,"RECYCLING, REPAIR 96",17,False,2023-01,2023,1,71.0,0.0,71.0,71.0,0.0,6.0
REPAIR96,"RECYCLING, REPAIR 96",17,False,2023-02,2023,2,71.0,0.0,71.0,71.0,0.0,6.0
REPAIR96,"RECYCLING, REPAIR 96",17,False,2023-03,2023,3,58.0,0.0,58.0,57.0,0.0,7.0
REPAIR96,"RECYCLING, REPAIR 96",17,False,2023-04,2023,4,63.0,0.0,63.0,63.0,0.0,7.0
REPAIR96,"RECYCLING, REPAIR 96",17,False,2023-05,2023,5,87.0,0.0,87.0,87.0,0.0,7.0
REPAIR96,"RECYCLING, REPAIR 96",17,False,2023-06,2023,6,86.0,1.0,85.0,85.0,0.0,7.0
REPAIR96,"RECYCLING, REPAIR 96",17,False,2023-07,2023,7,80.0,0.0,80.0,80.0,0.0,6.0
REPAIR96,"RECYCLING, REPAIR 96",17,False,2023-08,2023,8,97.0,0.0,97.0,97.0,0.0,7.0
REPAIR96,"RECYCLING, REPAIR 96",17,False,2023-09,2023,9,71.0,0.0,71.0,71.0,0.0,6.0
REPAIR96,"RECYCLING, REPAIR 96",17,False,2023-10,2023,10,63.0,0.0,63.0,63.0,0.0,6.0
REPAIR96,"RECYCLING, REPAIR 96",17,False,2023-11,2023,11,55.0,0.0,55.0,55.0,0.0,7.0
REPAIR96,"RECYCLING, REPAIR 96",17,False,2023-12,2023,12,59.0,0.0,59.0,59.0,0.0,7.0
REPAIR96,"RECYCLING, REPAIR 96",17,False,2024-01,2024,1,70.0,0.0,70.0,70.0,0.0,6.0
REPAIR96,"RECYCLING, REPAIR 96",17,False,2024-02,2024,2,102.0,0.0,102.0,102.0,0.0,6.0
REPAIR96,"RECYCLING, REPAIR/REPLACE 96",17,False,2024-03,2024,3,71.0,0.0,71.0,71.0,0.0,6.0
REPAIR96,"RECYCLING, REPAIR/REPLACE 96",17,False,2024-04,2024,4,81.0,0.0,81.0,81.0,0.0,7.0
REPAIR96,"RECYCLING, REPAIR/REPLACE 96",17,False,2024-05,2024,5,88.0,0.0,88.0,88.0,0.0,6.0
REPAIR96,"RECYCLING, REPAIR/REPLACE 96",17,False,2024-06,2024,6,81.0,0.0,81.0,79.0,0.0,7.0
REPAIR96,"RECYCLING, REPAIR/REPLACE 96",17,False,2024-07,2024,7,89.0,0.0,89.0,89.0,0.0,7.0
REPAIR96,"RECYCLING, REPAIR/REPLACE 96",17,False,2024-08,2024,8,112.0,1.0,111.0,111.0,0.0,7.0
REPAIR96,"RECYCLING, REPAIR/REPLACE 96",17,False,2024-09,2024,9,108.0,1.0,107.0,106.0,0.0,7.0
REPAIR96,"RECYCLING, REPAIR/REPLACE 96",17,False,2024-10,2024,10,120.0,0.0,120.0,120.0,0.0,7.0
REPAIR96,"RECYCLING, REPAIR/REPLACE 96",17,False,2024-11,2024,11,83.0,0.0,83.0,83.0,0.0,6.0
REPAIR96,"RECYCLING, REPAIR/REPLACE 96",17,False,2024-12,2024,12,96.0,0.0,96.0,96.0,0.0,7.0
REPAIR96,"RECYCLING, REPAIR/REPLACE 96",17,False,2025-01,2025,1,82.0,0.0,82.0,82.0,0.0,6.0
REPAIR96,"RECYCLING, REPAIR/REPLACE 96",17,False,2025-02,2025,2,136.0,0.0,136.0,136.0,0.0,6.0
REPAIR96,"RECYCLING, REPAIR/REPLACE 96",17,False,2025-03,2025,3,134.0,0.0,134.0,133.0,0.0,7.0
REPAIR96,"RECYCLING, REPAIR/REPLACE 96",17,False,2025-04,2025,4,127.0,0.0,127.0,127.0,0.0,7.0
REPAIR96,"RECYCLING, REPAIR/REPLACE 96",17,False,2025-05,2025,5,148.0,0.0,148.0,148.0,0.0,6.0
REPAIR96,"RECYCLING, REPAIR/REPLACE 96",17,False,2025-06,2025,6,201.0,0.0,201.0,200.0,0.0,7.0
REPAIR96,"RECYCLING, REPAIR/REPLACE 96",17,False,2025-07,2025,7,214.0,0.0,214.0,213.0,0.0,7.0
REPAIR96,"RECYCLING, REPAIR/REPLACE 96",17,False,2025-08,2025,8,186.0,0.0,186.0,59.0,0.0,30.0
REPAIR96,"RECYCLING, REPAIR/REPLACE 96",17,False,2025-09,2025,9,130.0,0.0,130.0,107.0,0.0,7.0
REPAIR96,"RECYCLING, REPAIR/REPLACE 96",17,False,2025-10,2025,10,111.0,0.0,111.0,110.0,0.0,7.0
REPAIR96,"RECYCLING, REPAIR/REPLACE 96",17,False,2025-11,2025,11,65.0,0.0,65.0,64.0,0.0,6.0
REPAIR96,"RECYCLING, REPAIR/REPLACE 96",17,False,2025-12,2025,12,105.0,0.0,105.0,105.0,0.0,7.0
REPAIR96,"RECYCLING, REPAIR/REPLACE 96",17,False,2026-01,2026,1,113.0,0.0,113.0,113.0,0.0,7.0
REPAIR96,"RECYCLING, REPAIR/REPLACE 96",17,False,2026-02,2026,2,121.0,2.0,119.0,119.0,0.0,6.0
REPAIR96,"RECYCLING, REPAIR/REPLACE 96",17,False,2026-03,2026,3,139.0,0.0,139.0,139.0,0.0,7.0
REPAIR96,"RECYCLING, REPAIR/REPLACE 96",17,False,2026-04,2026,4,175.0,1.0,174.0,173.0,0.0,7.0
REPAIR96,"RECYCLING, REPAIR/REPLACE 96",17,False,2026-05,2026,5,143.0,0.0,143.0,143.0,0.0,6.0
REPAIR96,"RECYCLING, REPAIR/REPLACE 96",17,False,2026-06,2026,6,161.0,0.0,161.0,160.0,0.0,7.0
REPAIR96,"RECYCLING, REPAIR/REPLACE 96",17,False,2026-07,2026,7,230.0,1.0,229.0,229.0,0.0,7.0
REPAIR96,"RECYCLING, REPAIR/REPLACE 96",17,False,2026-08,2026,8,157.0,0.0,157.0,156.0,1.0,7.0
RF-COLLT,"TRASH, REQUEST FOR COLLECTION",1,False,2023-01,2023,1,506.0,22.0,484.0,425.0,0.0,3.0
RF-COLLT,"TRASH, REQUEST FOR COLLECTION",1,False,2023-02,2023,2,429.0,17.0,412.0,325.0,0.0,3.0
RF-COLLT,"TRASH, REQUEST FOR COLLECTION",1,False,2023-03,2023,3,415.0,7.0,408.0,371.0,0.0,4.0
RF-COLLT,"TRASH, REQUEST FOR COLLECTION",1,False,2023-04,2023,4,372.0,7.0,365.0,346.0,0.0,2.0
RF-COLLT,"TRASH, REQUEST FOR COLLECTION",1,False,2023-05,2023,5,374.0,3.0,371.0,352.0,0.0,2.0
RF-COLLT,"TRASH, REQUEST FOR COLLECTION",1,False,2023-06,2023,6,474.0,4.0,470.0,404.0,0.0,4.0
RF-COLLT,"TRASH, REQUEST FOR COLLECTION",1,False,2023-07,2023,7,433.0,9.0,424.0,326.0,0.0,4.0
RF-COLLT,"TRASH, REQUEST FOR COLLECTION",1,False,2023-08,2023,8,479.0,6.0,473.0,397.0,0.0,4.0
RF-COLLT,"TRASH, REQUEST FOR COLLECTION",1,False,2023-09,2023,9,409.0,7.0,402.0,320.0,0.0,4.0
RF-COLLT,"TRASH, REQUEST FOR COLLECTION",1,False,2023-10,2023,10,449.0,10.0,439.0,211.0,0.0,4.0
RF-COLLT,"TRASH, REQUEST FOR COLLECTION",1,False,2023-11,2023,11,473.0,3.0,470.0,203.0,0.0,4.0
RF-COLLT,"TRASH, REQUEST FOR COLLECTION",1,False,2023-12,2023,12,383.0,5.0,378.0,156.0,0.0,4.0
RF-COLLT,"TRASH, REQUEST FOR COLLECTION",1,False,2024-01,2024,1,592.0,2.0,590.0,257.0,0.0,4.0
RF-COLLT,"TRASH, REQUEST FOR COLLECTION",1,False,2024-02,2024,2,471.0,11.0,460.0,159.0,0.0,5.0
RF-COLLT,"TRASH, REQUEST FOR COLLECTION",1,False,2024-03,2024,3,512.0,10.0,502.0,201.0,0.0,4.0
RF-COLLT,"TRASH, REQUEST FOR COLLECTION",1,False,2024-04,2024,4,606.0,4.0,602.0,291.0,0.0,4.0
RF-COLLT,"TRASH, REQUEST FOR COLLECTION",1,False,2024-05,2024,5,594.0,4.0,590.0,307.0,0.0,3.0
RF-COLLT,"TRASH, REQUEST FOR COLLECTION",1,False,2024-06,2024,6,530.0,2.0,528.0,233.0,0.0,4.0
RF-COLLT,"TRASH, REQUEST FOR COLLECTION",1,False,2024-07,2024,7,628.0,1.0,627.0,78.0,0.0,5.0
RF-COLLT,"TRASH, MISSED COLLECTION",1,False,2024-08,2024,8,709.0,3.0,706.0,119.0,0.0,4.0
RF-COLLT,"TRASH, MISSED COLLECTION",1,False,2024-09,2024,9,416.0,4.0,412.0,76.0,0.0,4.0
RF-COLLT,"TRASH, MISSED COLLECTION",1,False,2024-10,2024,10,551.0,5.0,546.0,138.0,0.0,4.0
RF-COLLT,"TRASH, MISSED COLLECTION",1,False,2024-11,2024,11,365.0,1.0,364.0,51.0,0.0,4.0
RF-COLLT,"TRASH, MISSED COLLECTION",1,False,2024-12,2024,12,460.0,5.0,455.0,131.0,0.0,4.0
RF-COLLT,"TRASH, REQUEST FOR COLLECTION",1,False,2025-01,2025,1,1276.0,26.0,1250.0,89.0,0.0,6.0
RF-COLLT,"TRASH, MISSED COLLECTION",1,False,2025-02,2025,2,461.0,3.0,458.0,56.0,0.0,4.0
RF-COLLT,"TRASH, MISSED COLLECTION",1,False,2025-03,2025,3,430.0,1.0,429.0,50.0,0.0,6.0
RF-COLLT,"TRASH, MISSED COLLECTION",1,False,2025-04,2025,4,612.0,1.0,611.0,79.0,0.0,6.0
RF-COLLT,"TRASH, MISSED COLLECTION",1,False,2025-05,2025,5,463.0,0.0,463.0,113.0,0.0,5.0
RF-COLLT,"TRASH, MISSED COLLECTION",1,False,2025-06,2025,6,488.0,3.0,485.0,111.0,0.0,4.0
RF-COLLT,"TRASH, MISSED COLLECTION",1,False,2025-07,2025,7,725.0,2.0,723.0,202.0,0.0,3.0
RF-COLLT,"TRASH, MISSED COLLECTION",1,False,2025-08,2025,8,538.0,5.0,533.0,139.0,0.0,5.0
RF-COLLT,"TRASH, MISSED COLLECTION",1,False,2025-09,2025,9,431.0,2.0,429.0,208.0,0.0,2.0
RF-COLLT,"TRASH, MISSED COLLECTION",1,False,2025-10,2025,10,507.0,1.0,506.0,183.0,0.0,3.0
RF-COLLT,"TRASH, MISSED COLLECTION",1,False,2025-11,2025,11,442.0,6.0,436.0,106.0,0.0,5.0
RF-COLLT,"TRASH, REQUEST FOR COLLECTION",1,False,2025-12,2025,12,1141.0,6.0,1133.0,157.0,0.0,7.0
RF-COLLT,"TRASH, MISSED COLLECTION",1,False,2026-01,2026,1,895.0,4.0,891.0,155.0,0.0,4.0
RF-COLLT,"TRASH, MISSED COLLECTION",1,False,2026-02,2026,2,1021.0,4.0,1016.0,320.0,0.0,3.0
RF-COLLT,"TRASH, MISSED COLLECTION",1,False,2026-03,2026,3,574.0,2.0,572.0,353.0,0.0,1.0
RF-COLLT,"TRASH, MISSED COLLECTION",1,False,2026-04,2026,4,745.0,0.0,745.0,390.0,0.0,1.0
RF-COLLT,"TRASH, MISSED COLLECTION",1,False,2026-05,2026,5,495.0,3.0,491.0,226.0,0.0,2.0
RF-COLLT,"TRASH, MISSED COLLECTION",1,False,2026-06,2026,6,585.0,4.0,581.0,360.0,0.0,1.0
RF-COLLT,"TRASH, MISSED COLLECTION",1,False,2026-07,2026,7,1291.0,6.0,1285.0,476.0,4.0,2.0
RF-COLLT,"TRASH, MISSED COLLECTION",1,False,2026-08,2026,8,791.0,6.0,785.0,333.0,11.0,2.0
RWFRNTRT,ROW FURNITURE/TRASH DUMPING,7,False,2023-01,2023,1,79.0,0.0,79.0,77.0,0.0,1.0
RWFRNTRT,ROW FURNITURE/TRASH DUMPING,7,False,2023-02,2023,2,60.0,0.0,60.0,59.0,0.0,1.0
RWFRNTRT,ROW FURNITURE/TRASH DUMPING,7,False,2023-03,2023,3,64.0,1.0,63.0,59.0,0.0,1.0
RWFRNTRT,ROW FURNITURE/TRASH DUMPING,7,False,2023-04,2023,4,35.0,0.0,35.0,33.0,0.0,1.0
RWFRNTRT,ROW FURNITURE/TRASH DUMPING,7,False,2023-05,2023,5,29.0,0.0,29.0,28.0,0.0,2.0
RWFRNTRT,ROW FURNITURE/TRASH DUMPING,7,False,2023-06,2023,6,55.0,1.0,54.0,53.0,0.0,3.0
RWFRNTRT,ROW FURNITURE/TRASH DUMPING,7,False,2023-07,2023,7,82.0,1.0,81.0,77.0,0.0,2.0
RWFRNTRT,ROW FURNITURE/TRASH DUMPING,7,False,2023-08,2023,8,80.0,6.0,74.0,72.0,0.0,3.0
RWFRNTRT,ROW FURNITURE/TRASH DUMPING,7,False,2023-09,2023,9,106.0,5.0,101.0,97.0,0.0,2.0
RWFRNTRT,ROW FURNITURE/TRASH DUMPING,7,False,2023-10,2023,10,180.0,5.0,175.0,173.0,0.0,1.0
RWFRNTRT,ROW FURNITURE/TRASH DUMPING,7,False,2023-11,2023,11,166.0,3.0,163.0,158.0,0.0,1.0
RWFRNTRT,ROW FURNITURE/TRASH DUMPING,7,False,2023-12,2023,12,189.0,1.0,188.0,170.0,0.0,2.0
RWFRNTRT,ROW FURNITURE/TRASH DUMPING,7,False,2024-01,2024,1,172.0,3.0,169.0,125.0,0.0,4.0
RWFRNTRT,ROW FURNITURE/TRASH DUMPING,7,False,2024-02,2024,2,237.0,2.0,235.0,166.0,0.0,4.0
RWFRNTRT,ROW FURNITURE/TRASH DUMPING,7,False,2024-03,2024,3,177.0,0.0,177.0,162.0,0.0,2.0
RWFRNTRT,ROW FURNITURE/TRASH DUMPING,7,False,2024-04,2024,4,212.0,2.0,210.0,182.0,0.0,3.0
RWFRNTRT,ROW FURNITURE/TRASH DUMPING,7,False,2024-05,2024,5,176.0,0.0,176.0,158.0,0.0,3.0
RWFRNTRT,ROW FURNITURE/TRASH DUMPING,7,False,2024-06,2024,6,184.0,2.0,182.0,169.0,0.0,3.0
RWFRNTRT,ROW FURNITURE/TRASH DUMPING,7,False,2024-07,2024,7,247.0,1.0,246.0,230.0,0.0,3.0
RWFRNTRT,ROW FURNITURE/TRASH DUMPING,7,False,2024-08,2024,8,236.0,1.0,235.0,159.0,0.0,5.0
RWFRNTRT,ROW FURNITURE/TRASH DUMPING,7,False,2024-09,2024,9,221.0,1.0,220.0,193.0,0.0,3.0
RWFRNTRT,ROW FURNITURE/TRASH DUMPING,7,False,2024-10,2024,10,207.0,0.0,207.0,192.0,0.0,2.0
RWFRNTRT,RIGHT OF WAY- TRASH & DUMPING,7,False,2024-11,2024,11,171.0,0.0,171.0,134.0,0.0,4.0
RWFRNTRT,RIGHT OF WAY- TRASH & DUMPING,7,False,2024-12,2024,12,159.0,0.0,159.0,123.0,0.0,4.0
RWFRNTRT,RIGHT OF WAY- TRASH & DUMPING,7,False,2025-01,2025,1,113.0,0.0,113.0,83.0,0.0,4.0
RWFRNTRT,RIGHT OF WAY- TRASH & DUMPING,7,False,2025-02,2025,2,178.0,0.0,178.0,113.0,0.0,5.5
RWFRNTRT,RIGHT OF WAY- TRASH & DUMPING,7,False,2025-03,2025,3,259.0,0.0,259.0,236.0,0.0,4.0
RWFRNTRT,RIGHT OF WAY- TRASH & DUMPING,7,False,2025-04,2025,4,261.0,0.0,261.0,204.0,0.0,4.0
RWFRNTRT,RIGHT OF WAY- TRASH & DUMPING,7,False,2025-05,2025,5,250.0,0.0,250.0,210.0,0.0,4.0
RWFRNTRT,ROW FURNITURE/TRASH DUMPING,7,False,2025-06,2025,6,306.0,0.0,306.0,284.0,0.0,4.0
RWFRNTRT,RIGHT OF WAY- TRASH & DUMPING,7,False,2025-07,2025,7,363.0,0.0,363.0,282.0,0.0,4.0
RWFRNTRT,RIGHT OF WAY- TRASH & DUMPING,7,False,2025-08,2025,8,375.0,0.0,375.0,242.0,0.0,4.0
RWFRNTRT,RIGHT OF WAY- TRASH & DUMPING,7,False,2025-09,2025,9,315.0,1.0,314.0,192.0,0.0,6.0
RWFRNTRT,RIGHT OF WAY- TRASH & DUMPING,7,False,2025-10,2025,10,306.0,2.0,304.0,220.0,0.0,5.0
RWFRNTRT,RIGHT OF WAY- TRASH & DUMPING,7,False,2025-11,2025,11,263.0,1.0,262.0,183.0,0.0,5.0
RWFRNTRT,ROW FURNITURE/TRASH DUMPING,7,False,2025-12,2025,12,283.0,0.0,283.0,137.0,0.0,8.0
RWFRNTRT,ROW FURNITURE/TRASH DUMPING,7,False,2026-01,2026,1,290.0,0.0,290.0,190.0,0.0,6.0
RWFRNTRT,ROW FURNITURE/TRASH DUMPING,7,False,2026-02,2026,2,252.0,1.0,251.0,237.0,0.0,3.0
RWFRNTRT,ROW FURNITURE/TRASH DUMPING,7,False,2026-03,2026,3,371.0,2.0,369.0,327.0,0.0,3.0
RWFRNTRT,RIGHT OF WAY- TRASH & DUMPING,7,False,2026-04,2026,4,371.0,4.0,367.0,315.0,0.0,5.0
RWFRNTRT,RIGHT OF WAY- TRASH & DUMPING,7,False,2026-05,2026,5,303.0,3.0,300.0,240.0,0.0,4.0
RWFRNTRT,RIGHT OF WAY- TRASH & DUMPING,7,False,2026-06,2026,6,415.0,1.0,414.0,261.0,3.0,4.0
RWFRNTRT,RIGHT OF WAY- TRASH & DUMPING,7,False,2026-07,2026,7,588.0,5.0,583.0,115.0,52.0,31.0
RWFRNTRT,RIGHT OF WAY- TRASH & DUMPING,7,False,2026-08,2026,8,436.0,0.0,435.0,75.0,77.0,15.0
SLPYST,"SLIPPERY STREETS, REQUEST",1,False,2023-01,2023,1,407.0,7.0,400.0,6.0,0.0,149.0
SLPYST,"SLIPPERY STREETS, REQUEST",1,False,2023-02,2023,2,18.0,0.0,18.0,0.0,0.0,146.0
SLPYST,"SLIPPERY STREETS, REQUEST",1,False,2023-03,2023,3,6.0,0.0,6.0,0.0,0.0,109.0
SLPYST,"SLIPPERY STREETS, REQUEST",1,False,2023-09,2023,9,3.0,3.0,0.0,0.0,0.0,
SLPYST,"SLIPPERY STREETS, REQUEST",1,False,2023-10,2023,10,1.0,0.0,1.0,0.0,0.0,30.0
SLPYST,"SLIPPERY STREETS, REQUEST",1,False,2023-11,2023,11,14.0,0.0,14.0,4.0,0.0,43.0
SLPYST,"SLIPPERY STREETS, REQUEST",1,False,2023-12,2023,12,7.0,0.0,7.0,0.0,0.0,40.0
SLPYST,"SLIPPERY STREETS, REQUEST",1,False,2024-01,2024,1,699.0,5.0,694.0,70.0,0.0,55.0
SLPYST,"SLIPPERY STREETS, REQUEST",1,False,2024-02,2024,2,33.0,1.0,32.0,7.0,0.0,27.0
SLPYST,"SLIPPERY STREETS, REQUEST",1,False,2024-03,2024,3,1.0,0.0,1.0,0.0,0.0,3.0
SLPYST,"ICY, SNOWY STREETS",1,False,2024-07,2024,7,1.0,0.0,1.0,0.0,0.0,29.0
SLPYST,"ICY, SNOWY STREETS",1,False,2024-11,2024,11,16.0,0.0,16.0,0.0,0.0,9.0
SLPYST,"ICY, SNOWY STREETS",1,False,2024-12,2024,12,40.0,2.0,38.0,11.0,0.0,4.0
SLPYST,"SLIPPERY STREETS, REQUEST",1,False,2025-01,2025,1,6392.0,47.0,6344.0,1073.0,0.0,33.0
SLPYST,"SLIPPERY STREETS, REQUEST",1,False,2025-02,2025,2,284.0,8.0,276.0,120.0,0.0,2.0
SLPYST,"ICY, SNOWY STREETS",1,False,2025-04,2025,4,3.0,0.0,3.0,0.0,0.0,7.0
SLPYST,"ICY, SNOWY STREETS",1,False,2025-05,2025,5,1.0,0.0,1.0,1.0,0.0,0.0
SLPYST,"SLIPPERY STREETS, REQUEST",1,False,2025-10,2025,10,4.0,0.0,4.0,3.0,0.0,0.0
SLPYST,"ICY, SNOWY STREETS",1,False,2025-11,2025,11,29.0,0.0,29.0,1.0,0.0,11.0
SLPYST,"ICY, SNOWY STREETS",1,False,2025-12,2025,12,834.0,3.0,830.0,510.0,0.0,1.0
SLPYST,"ICY, SNOWY STREETS",1,False,2026-01,2026,1,2479.0,45.0,2433.0,1650.0,0.0,1.0
SLPYST,"ICY, SNOWY STREETS",1,False,2026-02,2026,2,522.0,5.0,517.0,347.0,0.0,1.0
SLPYST,"ICY, SNOWY STREETS",1,False,2026-03,2026,3,6.0,0.0,6.0,1.0,0.0,38.0
STRSGN,"SIGN, DOWN/MISSING",1,False,2023-01,2023,1,145.0,5.0,140.0,32.0,0.0,6.0
STRSGN,"SIGN, DOWN/MISSING",1,False,2023-02,2023,2,212.0,30.0,182.0,30.0,0.0,12.0
STRSGN,"SIGN, DOWN/MISSING",1,False,2023-03,2023,3,246.0,31.0,215.0,32.0,0.0,28.0
STRSGN,"SIGN, DOWN/MISSING",1,False,2023-04,2023,4,267.0,37.0,230.0,7.0,0.0,25.0
STRSGN,"SIGN, DOWN/MISSING",1,False,2023-05,2023,5,163.0,16.0,147.0,23.0,0.0,8.0
STRSGN,"SIGN, DOWN/MISSING",1,False,2023-06,2023,6,103.0,10.0,93.0,16.0,0.0,17.0
STRSGN,"SIGN, DOWN/MISSING",1,False,2023-07,2023,7,123.0,13.0,110.0,17.0,0.0,5.5
STRSGN,"SIGN, DOWN/MISSING",1,False,2023-08,2023,8,120.0,13.0,107.0,35.0,0.0,3.0
STRSGN,"SIGN, DOWN/MISSING",1,False,2023-09,2023,9,110.0,6.0,104.0,28.0,0.0,3.0
STRSGN,"SIGN, DOWN/MISSING",1,False,2023-10,2023,10,112.0,1.0,111.0,44.0,0.0,2.0
STRSGN,"SIGN, DOWN/MISSING",1,False,2023-11,2023,11,85.0,3.0,82.0,41.0,0.0,2.0
STRSGN,"SIGN, DOWN/MISSING",1,False,2023-12,2023,12,94.0,5.0,89.0,44.0,0.0,2.0
STRSGN,"SIGN, DOWN/MISSING",1,False,2024-01,2024,1,112.0,3.0,109.0,55.0,0.0,2.0
STRSGN,"SIGN, DOWN/MISSING",1,False,2024-02,2024,2,163.0,6.0,157.0,76.0,0.0,2.0
STRSGN,"SIGN, DOWN/MISSING",1,False,2024-03,2024,3,146.0,3.0,143.0,67.0,0.0,2.0
STRSGN,"SIGN, DOWN/MISSING",1,False,2024-04,2024,4,130.0,3.0,127.0,82.0,0.0,1.0
STRSGN,"SIGN, DOWN/MISSING",1,False,2024-05,2024,5,117.0,1.0,116.0,41.0,0.0,3.0
STRSGN,"SIGN, DOWN/MISSING",1,False,2024-06,2024,6,94.0,5.0,89.0,27.0,0.0,3.0
STRSGN,"SIGN, DOWN/MISSING",1,False,2024-07,2024,7,94.0,4.0,90.0,46.0,0.0,2.0
STRSGN,"SIGN, DOWN/MISSING",1,False,2024-08,2024,8,85.0,4.0,81.0,13.0,0.0,6.0
STRSGN,"SIGN, DOWN/MISSING",1,False,2024-09,2024,9,125.0,12.0,113.0,7.0,0.0,13.0
STRSGN,"SIGN, DOWN/MISSING",1,False,2024-10,2024,10,159.0,14.0,145.0,19.0,0.0,13.0
STRSGN,"SIGN, DOWN/MISSING",1,False,2024-11,2024,11,108.0,13.0,95.0,18.0,0.0,7.0
STRSGN,"SIGN, DOWN/MISSING",1,False,2024-12,2024,12,122.0,7.0,115.0,19.0,0.0,5.0
STRSGN,"SIGN, DOWN/MISSING",1,False,2025-01,2025,1,101.0,5.0,96.0,2.0,0.0,28.0
STRSGN,"SIGN, DOWN/MISSING",1,False,2025-02,2025,2,153.0,23.0,129.0,4.0,0.0,46.0
STRSGN,"SIGN, DOWN/MISSING",1,False,2025-03,2025,3,273.0,61.0,212.0,22.0,0.0,14.0
STRSGN,"SIGN, DOWN/MISSING",1,False,2025-04,2025,4,281.0,27.0,254.0,42.0,0.0,10.0
STRSGN,"SIGN, DOWN/MISSING",1,False,2025-05,2025,5,204.0,17.0,187.0,20.0,0.0,12.0
STRSGN,"SIGN, DOWN/MISSING",1,False,2025-06,2025,6,221.0,32.0,189.0,8.0,0.0,41.0
STRSGN,"SIGN, DOWN/MISSING",1,False,2025-07,2025,7,308.0,24.0,284.0,29.0,0.0,10.5
STRSGN,"SIGN, DOWN/MISSING",1,False,2025-08,2025,8,210.0,17.0,193.0,29.0,0.0,6.0
STRSGN,"SIGN, DOWN/MISSING",1,False,2025-09,2025,9,150.0,8.0,142.0,41.0,0.0,4.0
STRSGN,"SIGN, DOWN/MISSING",1,False,2025-10,2025,10,131.0,2.0,129.0,25.0,0.0,4.0
STRSGN,"SIGN, DOWN/MISSING",1,False,2025-11,2025,11,332.0,12.0,320.0,46.0,0.0,9.5
STRSGN,"SIGN, DOWN/MISSING",1,False,2025-12,2025,12,305.0,58.0,247.0,1.0,0.0,63.0
STRSGN,"SIGN, DOWN/MISSING",1,False,2026-01,2026,1,277.0,67.0,210.0,8.0,2.0,35.0
STRSGN,"SIGN, DOWN/MISSING",1,False,2026-02,2026,2,166.0,42.0,124.0,7.0,0.0,8.5
STRSGN,"SIGN, DOWN/MISSING",1,False,2026-03,2026,3,291.0,61.0,230.0,26.0,2.0,9.0
STRSGN,"SIGN, DOWN/MISSING",1,False,2026-04,2026,4,193.0,13.0,180.0,36.0,1.0,4.0
STRSGN,"SIGN, DOWN/MISSING",1,False,2026-05,2026,5,176.0,10.0,166.0,47.0,0.0,4.0
STRSGN,"SIGN, DOWN/MISSING",1,False,2026-06,2026,6,203.0,12.0,191.0,35.0,2.0,5.0
STRSGN,"SIGN, DOWN/MISSING",1,False,2026-07,2026,7,149.0,9.0,140.0,29.0,2.0,4.0
STRSGN,"SIGN, DOWN/MISSING",1,False,2026-08,2026,8,118.0,9.0,109.0,29.0,1.0,3.0
STRTLITE,"LIGHT, REPAIR",7,False,2023-01,2023,1,121.0,13.0,108.0,27.0,0.0,6.5
STRTLITE,"LIGHT, REPAIR",7,False,2023-02,2023,2,119.0,9.0,110.0,38.0,0.0,5.0
STRTLITE,"LIGHT, REPAIR",7,False,2023-03,2023,3,110.0,0.0,110.0,57.0,0.0,1.5
STRTLITE,"LIGHT, REPAIR",7,False,2023-04,2023,4,106.0,1.0,105.0,48.0,0.0,2.0
STRTLITE,"LIGHT, REPAIR",7,False,2023-05,2023,5,66.0,0.0,66.0,26.0,0.0,3.5
STRTLITE,"LIGHT, REPAIR",7,False,2023-06,2023,6,85.0,0.0,85.0,46.0,0.0,2.0
STRTLITE,"LIGHT, REPAIR",7,False,2023-07,2023,7,97.0,1.0,96.0,55.0,0.0,1.0
STRTLITE,"LIGHT, REPAIR",7,False,2023-08,2023,8,109.0,0.0,109.0,70.0,0.0,1.0
STRTLITE,"LIGHT, REPAIR",7,False,2023-09,2023,9,102.0,0.0,102.0,48.0,0.0,2.0
STRTLITE,"LIGHT, REPAIR",7,False,2023-10,2023,10,127.0,0.0,127.0,65.0,0.0,2.0
STRTLITE,"LIGHT, REPAIR",7,False,2023-11,2023,11,68.0,1.0,67.0,28.0,0.0,3.0
STRTLITE,"LIGHT, REPAIR",7,False,2023-12,2023,12,88.0,0.0,88.0,44.0,0.0,2.0
STRTLITE,"LIGHT, REPAIR",7,False,2024-01,2024,1,104.0,5.0,99.0,54.0,0.0,2.0
STRTLITE,"LIGHT, REPAIR",7,False,2024-02,2024,2,101.0,1.0,100.0,79.0,0.0,1.0
STRTLITE,"LIGHT, REPAIR",7,False,2024-03,2024,3,97.0,0.0,97.0,72.0,0.0,1.0
STRTLITE,"LIGHT, REPAIR",7,False,2024-04,2024,4,82.0,0.0,82.0,79.0,0.0,1.0
STRTLITE,"LIGHT, REPAIR",7,False,2024-05,2024,5,87.0,0.0,87.0,84.0,0.0,1.0
STRTLITE,"LIGHT, REPAIR",7,False,2024-06,2024,6,84.0,1.0,83.0,78.0,0.0,1.0
STRTLITE,"LIGHT, REPAIR",7,False,2024-07,2024,7,104.0,0.0,104.0,99.0,0.0,1.0
STRTLITE,"LIGHT, REPAIR",7,False,2024-08,2024,8,134.0,1.0,133.0,129.0,0.0,1.0
STRTLITE,"LIGHT, REPAIR",7,False,2024-09,2024,9,129.0,2.0,127.0,116.0,0.0,1.0
STRTLITE,"LIGHT, REPAIR",7,False,2024-10,2024,10,158.0,3.0,155.0,137.0,0.0,1.0
STRTLITE,"LIGHT, REPAIR",7,False,2024-11,2024,11,165.0,2.0,163.0,150.0,0.0,1.0
STRTLITE,"LIGHT, REPAIR",7,False,2024-12,2024,12,121.0,1.0,120.0,110.0,0.0,1.0
STRTLITE,"LIGHT, REPAIR",7,False,2025-01,2025,1,109.0,2.0,107.0,95.0,0.0,1.0
STRTLITE,"LIGHT, REPAIR",7,False,2025-02,2025,2,124.0,1.0,123.0,112.0,0.0,1.0
STRTLITE,"LIGHT, REPAIR",7,False,2025-03,2025,3,188.0,5.0,183.0,169.0,0.0,1.0
STRTLITE,"LIGHT, REPAIR",7,False,2025-04,2025,4,148.0,4.0,144.0,136.0,0.0,1.0
STRTLITE,"LIGHT, REPAIR",7,False,2025-05,2025,5,112.0,3.0,109.0,104.0,0.0,1.0
STRTLITE,"LIGHT, REPAIR",7,False,2025-06,2025,6,150.0,1.0,149.0,138.0,0.0,1.0
STRTLITE,"LIGHT, REPAIR",7,False,2025-07,2025,7,126.0,5.0,121.0,111.0,1.0,1.0
STRTLITE,"LIGHT, REPAIR",7,False,2025-08,2025,8,115.0,9.0,106.0,96.0,0.0,1.0
STRTLITE,"LIGHT, REPAIR",7,False,2025-09,2025,9,156.0,9.0,147.0,142.0,0.0,1.0
STRTLITE,"LIGHT, REPAIR",7,False,2025-10,2025,10,138.0,10.0,128.0,121.0,0.0,1.0
STRTLITE,"LIGHT, REPAIR",7,False,2025-11,2025,11,131.0,10.0,121.0,106.0,0.0,1.0
STRTLITE,"LIGHT, REPAIR",7,False,2025-12,2025,12,124.0,12.0,112.0,86.0,0.0,1.0
STRTLITE,"LIGHT, REPAIR",7,False,2026-01,2026,1,103.0,12.0,91.0,86.0,0.0,1.0
STRTLITE,"LIGHT, REPAIR",7,False,2026-02,2026,2,224.0,10.0,214.0,190.0,0.0,1.0
STRTLITE,"LIGHT, REPAIR",7,False,2026-03,2026,3,147.0,1.0,146.0,141.0,0.0,1.0
STRTLITE,"LIGHT, REPAIR",7,False,2026-04,2026,4,119.0,1.0,117.0,113.0,0.0,1.0
STRTLITE,"LIGHT, REPAIR",7,False,2026-05,2026,5,83.0,6.0,77.0,74.0,1.0,1.0
STRTLITE,"LIGHT, REPAIR",7,False,2026-06,2026,6,95.0,1.0,94.0,87.0,1.0,1.0
STRTLITE,"LIGHT, REPAIR",7,False,2026-07,2026,7,88.0,2.0,86.0,84.0,0.0,1.0
STRTLITE,"LIGHT, REPAIR",7,False,2026-08,2026,8,123.0,0.0,122.0,112.0,1.0,1.0
SVCCMPLT,"SERVICE COMPLAINT, TRASH",7,False,2023-01,2023,1,110.0,3.0,107.0,88.0,0.0,7.0
SVCCMPLT,"SERVICE COMPLAINT, TRASH",7,False,2023-02,2023,2,98.0,2.0,96.0,76.0,0.0,13.0
SVCCMPLT,"SERVICE COMPLAINT, TRASH",7,False,2023-03,2023,3,81.0,4.0,77.0,70.0,0.0,7.0
SVCCMPLT,"SERVICE COMPLAINT, TRASH",7,False,2023-04,2023,4,97.0,3.0,94.0,77.0,0.0,13.0
SVCCMPLT,"SERVICE COMPLAINT, TRASH",7,False,2023-05,2023,5,111.0,0.0,111.0,88.0,0.0,11.0
SVCCMPLT,"SERVICE COMPLAINT, TRASH",7,False,2023-06,2023,6,116.0,2.0,114.0,78.0,0.0,15.0
SVCCMPLT,"SERVICE COMPLAINT, TRASH",7,False,2023-07,2023,7,92.0,3.0,89.0,66.0,0.0,14.0
SVCCMPLT,"SERVICE COMPLAINT, TRASH",7,False,2023-08,2023,8,101.0,3.0,98.0,74.0,0.0,6.5
SVCCMPLT,"SERVICE COMPLAINT, TRASH",7,False,2023-09,2023,9,125.0,4.0,121.0,78.0,0.0,14.0
SVCCMPLT,"SERVICE COMPLAINT, TRASH",7,False,2023-10,2023,10,100.0,0.0,100.0,55.0,0.0,7.0
SVCCMPLT,"SERVICE COMPLAINT, TRASH",7,False,2023-11,2023,11,117.0,1.0,116.0,41.0,0.0,13.0
SVCCMPLT,"SERVICE COMPLAINT, TRASH",7,False,2023-12,2023,12,77.0,0.0,77.0,39.0,0.0,7.0
SVCCMPLT,"SERVICE COMPLAINT, TRASH",7,False,2024-01,2024,1,103.0,0.0,103.0,38.0,0.0,13.0
SVCCMPLT,"SERVICE COMPLAINT, TRASH",7,False,2024-02,2024,2,97.0,2.0,95.0,38.0,0.0,12.0
SVCCMPLT,"SERVICE COMPLAINT, TRASH",7,False,2024-03,2024,3,154.0,2.0,152.0,79.0,0.0,7.0
SVCCMPLT,"SERVICE COMPLAINT, TRASH",7,False,2024-04,2024,4,151.0,1.0,150.0,89.0,0.0,7.0
SVCCMPLT,"SERVICE COMPLAINT, TRASH",7,False,2024-05,2024,5,135.0,0.0,135.0,82.0,0.0,6.0
SVCCMPLT,"SERVICE COMPLAINT, TRASH",7,False,2024-06,2024,6,140.0,2.0,138.0,72.0,0.0,7.0
SVCCMPLT,"SERVICE COMPLAINT, TRASH",7,False,2024-07,2024,7,134.0,1.0,133.0,52.0,0.0,11.0
SVCCMPLT,"SERVICE COMPLAINT, TRASH",7,False,2024-08,2024,8,120.0,0.0,120.0,71.0,0.0,6.0
SVCCMPLT,"SERVICE COMPLAINT, TRASH",7,False,2024-09,2024,9,97.0,0.0,97.0,56.0,0.0,7.0
SVCCMPLT,"SERVICE COMPLAINT, TRASH",7,False,2024-10,2024,10,117.0,1.0,116.0,84.0,0.0,5.0
SVCCMPLT,"SERVICE COMPLAINT, TRASH",7,False,2024-11,2024,11,110.0,1.0,109.0,71.0,0.0,6.0
SVCCMPLT,"SERVICE COMPLAINT, TRASH",7,False,2024-12,2024,12,107.0,3.0,104.0,57.0,0.0,6.5
SVCCMPLT,"SERVICE COMPLAINT, TRASH",7,False,2025-01,2025,1,141.0,0.0,141.0,49.0,0.0,11.0
SVCCMPLT,"SERVICE COMPLAINT, TRASH",7,False,2025-02,2025,2,128.0,0.0,128.0,55.0,0.0,10.0
SVCCMPLT,"SERVICE COMPLAINT, TRASH",7,False,2025-03,2025,3,137.0,1.0,136.0,52.0,0.0,13.0
SVCCMPLT,"SERVICE COMPLAINT, TRASH",7,False,2025-04,2025,4,157.0,0.0,157.0,51.0,0.0,18.0
SVCCMPLT,"SERVICE COMPLAINT, TRASH",7,False,2025-05,2025,5,145.0,2.0,143.0,75.0,0.0,7.0
SVCCMPLT,"SERVICE COMPLAINT, TRASH",7,False,2025-06,2025,6,137.0,0.0,137.0,79.0,0.0,6.0
SVCCMPLT,"SERVICE COMPLAINT, TRASH",7,False,2025-07,2025,7,147.0,0.0,147.0,46.0,0.0,17.0
SVCCMPLT,"SERVICE COMPLAINT, TRASH",7,False,2025-08,2025,8,126.0,0.0,126.0,83.0,0.0,5.0
SVCCMPLT,"SERVICE COMPLAINT, TRASH",7,False,2025-09,2025,9,123.0,1.0,122.0,78.0,0.0,4.0
SVCCMPLT,"SERVICE COMPLAINT, TRASH",7,False,2025-10,2025,10,180.0,1.0,179.0,106.0,0.0,5.0
SVCCMPLT,"SERVICE COMPLAINT, TRASH",7,False,2025-11,2025,11,93.0,0.0,93.0,53.0,0.0,5.0
SVCCMPLT,"SERVICE COMPLAINT, TRASH",7,False,2025-12,2025,12,178.0,2.0,176.0,84.0,0.0,8.0
SVCCMPLT,"SERVICE COMPLAINT, TRASH",7,False,2026-01,2026,1,157.0,0.0,157.0,105.0,0.0,6.0
SVCCMPLT,"SERVICE COMPLAINT, TRASH",7,False,2026-02,2026,2,221.0,0.0,221.0,178.0,0.0,3.0
SVCCMPLT,"SERVICE COMPLAINT, TRASH",7,False,2026-03,2026,3,155.0,0.0,155.0,140.0,0.0,1.0
SVCCMPLT,"SERVICE COMPLAINT, TRASH",7,False,2026-04,2026,4,213.0,0.0,213.0,165.0,0.0,2.0
SVCCMPLT,"SERVICE COMPLAINT, TRASH",7,False,2026-05,2026,5,152.0,0.0,152.0,102.0,1.0,5.0
SVCCMPLT,"SERVICE COMPLAINT, TRASH",7,False,2026-06,2026,6,147.0,0.0,147.0,84.0,8.0,4.0
SVCCMPLT,"SERVICE COMPLAINT, TRASH",7,False,2026-07,2026,7,240.0,0.0,239.0,121.0,54.0,6.0
SVCCMPLT,"SERVICE COMPLAINT, TRASH",7,False,2026-08,2026,8,281.0,2.0,279.0,100.0,132.0,4.0
TGGDCLLC,"TRASH, TAGGED COLLECTIONS",7,False,2023-01,2023,1,74.0,0.0,74.0,74.0,0.0,0.0
TGGDCLLC,"TRASH, TAGGED COLLECTIONS",7,False,2023-02,2023,2,113.0,0.0,113.0,113.0,0.0,0.0
TGGDCLLC,"TRASH, TAGGED COLLECTIONS",7,False,2023-03,2023,3,105.0,0.0,105.0,105.0,0.0,0.0
TGGDCLLC,"TRASH, TAGGED COLLECTIONS",7,False,2023-04,2023,4,106.0,0.0,106.0,106.0,0.0,0.0
TGGDCLLC,"TRASH, TAGGED COLLECTIONS",7,False,2023-05,2023,5,147.0,0.0,147.0,147.0,0.0,0.0
TGGDCLLC,"TRASH, TAGGED COLLECTIONS",7,False,2023-06,2023,6,95.0,0.0,95.0,95.0,0.0,0.0
TGGDCLLC,"TRASH, TAGGED COLLECTIONS",7,False,2023-07,2023,7,89.0,0.0,89.0,89.0,0.0,0.0
TGGDCLLC,"TRASH, TAGGED COLLECTIONS",7,False,2023-08,2023,8,145.0,0.0,145.0,145.0,0.0,0.0
TGGDCLLC,"TRASH, TAGGED COLLECTIONS",7,False,2023-09,2023,9,135.0,0.0,135.0,135.0,0.0,0.0
TGGDCLLC,"TRASH, TAGGED COLLECTIONS",7,False,2023-10,2023,10,145.0,0.0,145.0,145.0,0.0,0.0
TGGDCLLC,"TRASH, TAGGED COLLECTIONS",7,False,2023-11,2023,11,124.0,0.0,124.0,124.0,0.0,0.0
TGGDCLLC,"TRASH, TAGGED COLLECTIONS",7,False,2023-12,2023,12,107.0,0.0,107.0,107.0,0.0,0.0
TGGDCLLC,"TRASH, TAGGED COLLECTIONS",7,False,2024-01,2024,1,100.0,0.0,100.0,100.0,0.0,0.0
TGGDCLLC,"TRASH, TAGGED COLLECTIONS",7,False,2024-02,2024,2,86.0,0.0,86.0,86.0,0.0,0.0
TGGDCLLC,"TRASH, TAGGED COLLECTIONS",7,False,2024-03,2024,3,102.0,0.0,102.0,102.0,0.0,0.0
TGGDCLLC,"TRASH, TAGGED COLLECTIONS",7,False,2024-04,2024,4,289.0,0.0,289.0,289.0,0.0,0.0
TGGDCLLC,"TRASH, TAGGED COLLECTIONS",7,False,2024-05,2024,5,205.0,0.0,205.0,205.0,0.0,0.0
TGGDCLLC,"TRASH, TAGGED COLLECTIONS",7,False,2024-06,2024,6,78.0,0.0,78.0,78.0,0.0,0.0
TGGDCLLC,"TRASH, TAGGED COLLECTIONS",7,False,2024-07,2024,7,117.0,0.0,117.0,117.0,0.0,0.0
TGGDCLLC,"TRASH, TAGGED COLLECTIONS",7,False,2024-08,2024,8,90.0,0.0,90.0,90.0,0.0,0.0
TGGDCLLC,"TRASH, TAGGED COLLECTIONS",7,False,2024-09,2024,9,117.0,0.0,117.0,117.0,0.0,0.0
TGGDCLLC,"TRASH, TAGGED COLLECTIONS",7,False,2024-10,2024,10,122.0,0.0,122.0,122.0,0.0,0.0
TGGDCLLC,"TRASH, TAGGED COLLECTIONS",7,False,2024-11,2024,11,95.0,0.0,95.0,95.0,0.0,0.0
TGGDCLLC,"TRASH, TAGGED COLLECTIONS",7,False,2024-12,2024,12,95.0,0.0,95.0,95.0,0.0,0.0
TGGDCLLC,"TRASH, TAGGED COLLECTIONS",7,False,2025-01,2025,1,76.0,0.0,76.0,76.0,0.0,0.0
TGGDCLLC,"TRASH, TAGGED COLLECTIONS",7,False,2025-02,2025,2,71.0,0.0,71.0,71.0,0.0,0.0
TGGDCLLC,"TRASH, TAGGED COLLECTIONS",7,False,2025-03,2025,3,66.0,0.0,66.0,66.0,0.0,0.0
TGGDCLLC,"TRASH, TAGGED COLLECTIONS",7,False,2025-04,2025,4,87.0,0.0,87.0,87.0,0.0,0.0
TGGDCLLC,"TRASH, TAGGED COLLECTIONS",7,False,2025-05,2025,5,109.0,0.0,109.0,108.0,0.0,0.0
TGGDCLLC,"TRASH, TAGGED COLLECTIONS",7,False,2025-06,2025,6,134.0,0.0,134.0,134.0,0.0,0.0
TGGDCLLC,"TRASH, TAGGED COLLECTIONS",7,False,2025-07,2025,7,135.0,0.0,135.0,134.0,0.0,0.0
TGGDCLLC,"TRASH, TAGGED COLLECTIONS",7,False,2025-08,2025,8,115.0,0.0,115.0,110.0,0.0,0.0
TGGDCLLC,"TRASH, TAGGED COLLECTIONS",7,False,2025-09,2025,9,128.0,0.0,128.0,126.0,0.0,0.0
TGGDCLLC,"TRASH, TAGGED COLLECTIONS",7,False,2025-10,2025,10,112.0,0.0,112.0,112.0,0.0,0.0
TGGDCLLC,"TRASH, TAGGED COLLECTIONS",7,False,2025-11,2025,11,89.0,0.0,89.0,87.0,0.0,0.0
TGGDCLLC,"TRASH, TAGGED COLLECTIONS",7,False,2025-12,2025,12,76.0,0.0,76.0,76.0,0.0,0.0
TGGDCLLC,"TRASH, TAGGED COLLECTIONS",7,False,2026-01,2026,1,57.0,0.0,57.0,57.0,0.0,0.0
TGGDCLLC,"TRASH, TAGGED COLLECTIONS",7,False,2026-02,2026,2,35.0,0.0,35.0,35.0,0.0,0.0
TGGDCLLC,"TRASH, TAGGED COLLECTIONS",7,False,2026-03,2026,3,65.0,0.0,65.0,65.0,0.0,0.0
TGGDCLLC,"TRASH, TAGGED COLLECTIONS",7,False,2026-04,2026,4,99.0,0.0,99.0,99.0,0.0,0.0
TGGDCLLC,"TRASH, TAGGED COLLECTIONS",7,False,2026-05,2026,5,145.0,0.0,145.0,145.0,0.0,0.0
TGGDCLLC,"TRASH, TAGGED COLLECTIONS",7,False,2026-06,2026,6,100.0,0.0,100.0,100.0,0.0,0.0
TGGDCLLC,"TRASH, TAGGED COLLECTIONS",7,False,2026-07,2026,7,67.0,0.0,67.0,67.0,0.0,0.0
TGGDCLLC,"TRASH, TAGGED COLLECTIONS",7,False,2026-08,2026,8,41.0,0.0,41.0,39.0,2.0,0.0
TIRES,"TIRES, SPECIAL COLLECTION",14,False,2023-01,2023,1,106.0,0.0,106.0,104.0,0.0,5.0
TIRES,"TIRES, SPECIAL COLLECTION",14,False,2023-02,2023,2,120.0,0.0,120.0,113.0,0.0,6.0
TIRES,"TIRES, SPECIAL COLLECTION",14,False,2023-03,2023,3,151.0,0.0,151.0,148.0,0.0,4.0
TIRES,"TIRES, SPECIAL COLLECTION",14,False,2023-04,2023,4,189.0,1.0,188.0,183.0,0.0,3.0
TIRES,"TIRES, SPECIAL COLLECTION",14,False,2023-05,2023,5,168.0,0.0,168.0,147.0,0.0,5.0
TIRES,"TIRES, SPECIAL COLLECTION",14,False,2023-06,2023,6,149.0,0.0,149.0,146.0,0.0,4.0
TIRES,"TIRES, SPECIAL COLLECTION",14,False,2023-07,2023,7,150.0,0.0,150.0,147.0,0.0,4.0
TIRES,"TIRES, SPECIAL COLLECTION",14,False,2023-08,2023,8,175.0,0.0,175.0,168.0,0.0,5.0
TIRES,"TIRES, SPECIAL COLLECTION",14,False,2023-09,2023,9,130.0,0.0,130.0,129.0,0.0,6.0
TIRES,"TIRES, SPECIAL COLLECTION",14,False,2023-10,2023,10,150.0,1.0,149.0,147.0,0.0,4.0
TIRES,"TIRES, SPECIAL COLLECTION",14,False,2023-11,2023,11,134.0,0.0,134.0,128.0,0.0,5.0
TIRES,"TIRES, SPECIAL COLLECTION",14,False,2023-12,2023,12,121.0,1.0,120.0,102.0,0.0,5.0
TIRES,"TIRES, SPECIAL COLLECTION",14,False,2024-01,2024,1,104.0,1.0,103.0,96.0,0.0,5.0
TIRES,"TIRES, SPECIAL COLLECTION",14,False,2024-02,2024,2,151.0,0.0,151.0,141.0,0.0,4.0
TIRES,"TIRES, SPECIAL COLLECTION",14,False,2024-03,2024,3,158.0,1.0,157.0,140.0,0.0,5.0
TIRES,"TIRES, SPECIAL COLLECTION",14,False,2024-04,2024,4,168.0,0.0,168.0,147.0,0.0,4.0
TIRES,"TIRES, SPECIAL COLLECTION",14,False,2024-05,2024,5,170.0,0.0,170.0,169.0,0.0,5.0
TIRES,"TIRES, SPECIAL COLLECTION",14,False,2024-06,2024,6,144.0,1.0,143.0,130.0,0.0,4.0
TIRES,"TIRES, SPECIAL COLLECTION",14,False,2024-07,2024,7,133.0,0.0,133.0,116.0,0.0,5.0
TIRES,"TIRES, SPECIAL COLLECTION",14,False,2024-08,2024,8,172.0,0.0,172.0,150.0,0.0,6.0
TIRES,"TIRES, SPECIAL COLLECTION",14,False,2024-09,2024,9,131.0,0.0,131.0,129.0,0.0,4.0
TIRES,"TIRES, SPECIAL COLLECTION",14,False,2024-10,2024,10,166.0,1.0,165.0,155.0,0.0,5.0
TIRES,"TIRES, SPECIAL COLLECTION",14,False,2024-11,2024,11,134.0,0.0,134.0,130.0,0.0,6.0
TIRES,"TIRES, SPECIAL COLLECTION",14,False,2024-12,2024,12,143.0,0.0,143.0,132.0,0.0,4.0
TIRES,"TIRES, SPECIAL COLLECTION",14,False,2025-01,2025,1,79.0,0.0,79.0,50.0,0.0,9.0
TIRES,"TIRES, SPECIAL COLLECTION",14,False,2025-02,2025,2,118.0,0.0,118.0,106.0,0.0,4.0
TIRES,"TIRES, SPECIAL COLLECTION",14,False,2025-03,2025,3,184.0,0.0,184.0,175.0,0.0,3.0
TIRES,"TIRES, SPECIAL COLLECTION",14,False,2025-04,2025,4,178.0,0.0,178.0,159.0,0.0,5.0
TIRES,"TIRES, SPECIAL COLLECTION",14,False,2025-05,2025,5,152.0,0.0,152.0,148.0,0.0,5.0
TIRES,"TIRES, SPECIAL COLLECTION",14,False,2025-06,2025,6,140.0,0.0,140.0,125.0,0.0,6.0
TIRES,"TIRES, SPECIAL COLLECTION",14,False,2025-07,2025,7,159.0,0.0,159.0,128.0,0.0,5.0
TIRES,"TIRES, SPECIAL COLLECTION",14,False,2025-08,2025,8,137.0,0.0,137.0,128.0,0.0,5.0
TIRES,"TIRES, SPECIAL COLLECTION",14,False,2025-09,2025,9,129.0,0.0,129.0,113.0,0.0,5.0
TIRES,"TIRES, SPECIAL COLLECTION",14,False,2025-10,2025,10,122.0,0.0,122.0,112.0,0.0,5.0
TIRES,"TIRES, SPECIAL COLLECTION",14,False,2025-11,2025,11,102.0,1.0,101.0,50.0,0.0,15.0
TIRES,"TIRES, SPECIAL COLLECTION",14,False,2025-12,2025,12,98.0,0.0,98.0,44.0,0.0,21.0
TIRES,"TIRES, SPECIAL COLLECTION",14,False,2026-01,2026,1,104.0,0.0,104.0,100.0,0.0,4.0
TIRES,"TIRES, SPECIAL COLLECTION",14,False,2026-02,2026,2,88.0,0.0,88.0,88.0,0.0,3.0
TIRES,"TIRES, SPECIAL COLLECTION",14,False,2026-03,2026,3,201.0,0.0,201.0,200.0,0.0,5.0
TIRES,"TIRES, SPECIAL COLLECTION",14,False,2026-04,2026,4,193.0,0.0,193.0,191.0,0.0,4.0
TIRES,"TIRES, SPECIAL COLLECTION",14,False,2026-05,2026,5,179.0,0.0,179.0,137.0,0.0,6.0
TIRES,"TIRES, SPECIAL COLLECTION",14,False,2026-06,2026,6,155.0,0.0,155.0,151.0,0.0,4.0
TIRES,"TIRES, SPECIAL COLLECTION",14,False,2026-07,2026,7,134.0,0.0,134.0,105.0,8.0,4.5
TIRES,"TIRES, SPECIAL COLLECTION",14,False,2026-08,2026,8,141.0,0.0,141.0,112.0,29.0,4.0
TLGR-PRV,"TALL GRASS/WEEDS, PRIVATE PROP",45,True,2023-01,2023,1,97.0,12.0,85.0,68.0,0.0,5.0
TLGR-PRV,"TALL GRASS/WEEDS, PRIVATE PROP",45,True,2023-02,2023,2,20.0,2.0,18.0,15.0,0.0,7.0
TLGR-PRV,"TALL GRASS/WEEDS, PRIVATE PROP",45,True,2023-03,2023,3,13.0,4.0,9.0,8.0,0.0,5.0
TLGR-PRV,"TALL GRASS/WEEDS, PRIVATE PROP",45,True,2023-04,2023,4,272.0,20.0,252.0,198.0,0.0,12.0
TLGR-PRV,"TALL GRASS/WEEDS, PRIVATE PROP",45,True,2023-05,2023,5,1220.0,235.0,985.0,763.0,1.0,16.0
TLGR-PRV,"TALL GRASS/WEEDS, PRIVATE PROP",45,True,2023-06,2023,6,652.0,150.0,502.0,342.0,0.0,20.0
TLGR-PRV,"TALL GRASS/WEEDS, PRIVATE PROP",45,True,2023-07,2023,7,534.0,112.0,422.0,289.0,0.0,20.0
TLGR-PRV,"TALL GRASS/WEEDS, PRIVATE PROP",45,True,2023-08,2023,8,468.0,95.0,372.0,291.0,1.0,17.0
TLGR-PRV,"TALL GRASS/WEEDS, PRIVATE PROP",45,True,2023-09,2023,9,251.0,55.0,196.0,153.0,4.0,15.0
TLGR-PRV,"TALL GRASS/WEEDS, PRIVATE PROP",45,True,2023-10,2023,10,160.0,40.0,120.0,82.0,0.0,14.0
TLGR-PRV,"TALL GRASS/WEEDS, PRIVATE PROP",45,True,2023-11,2023,11,64.0,5.0,59.0,43.0,0.0,16.0
TLGR-PRV,"TALL GRASS/WEEDS, PRIVATE PROP",45,True,2023-12,2023,12,32.0,9.0,23.0,14.0,0.0,14.0
TLGR-PRV,"TALL GRASS/WEEDS, PRIVATE PROP",45,True,2024-01,2024,1,5.0,0.0,5.0,3.0,0.0,17.0
TLGR-PRV,"TALL GRASS/WEEDS, PRIVATE PROP",45,True,2024-02,2024,2,26.0,1.0,25.0,11.0,0.0,51.0
TLGR-PRV,"TALL GRASS/WEEDS, PRIVATE PROP",45,True,2024-03,2024,3,12.0,1.0,11.0,8.0,0.0,7.0
TLGR-PRV,"TALL GRASS/WEEDS, PRIVATE PROP",45,True,2024-04,2024,4,375.0,56.0,319.0,277.0,1.0,13.5
TLGR-PRV,"TALL GRASS/WEEDS, PRIVATE PROP",45,True,2024-05,2024,5,970.0,259.0,711.0,622.0,3.0,12.5
TLGR-PRV,"TALL GRASS/WEEDS, PRIVATE PROP",45,True,2024-06,2024,6,460.0,78.0,382.0,341.0,0.0,7.0
TLGR-PRV,"TALL GRASS/WEEDS, PRIVATE PROP",45,True,2024-07,2024,7,508.0,75.0,433.0,368.0,3.0,12.0
TLGR-PRV,"TALL GRASS/WEEDS, PRIVATE PROP",45,True,2024-08,2024,8,416.0,77.0,339.0,291.0,3.0,15.0
TLGR-PRV,"TALL GRASS/WEEDS, PRIVATE PROP",45,True,2024-09,2024,9,162.0,13.0,149.0,115.0,0.0,15.0
TLGR-PRV,"TALL GRASS/WEEDS, PRIVATE PROP",45,True,2024-10,2024,10,105.0,15.0,90.0,66.0,0.0,15.5
TLGR-PRV,"TALL GRASS/WEEDS, PRIVATE PROP",45,True,2024-11,2024,11,37.0,4.0,33.0,20.0,0.0,6.0
TLGR-PRV,"TALL GRASS/WEEDS, PRIVATE PROP",45,True,2024-12,2024,12,8.0,1.0,7.0,2.0,0.0,129.0
TLGR-PRV,"TALL GRASS/WEEDS, PRIVATE PROP",45,True,2025-01,2025,1,2.0,0.0,2.0,2.0,0.0,14.5
TLGR-PRV,"TALL GRASS/WEEDS, PRIVATE PROP",45,True,2025-02,2025,2,10.0,0.0,10.0,10.0,0.0,29.5
TLGR-PRV,"TALL GRASS/WEEDS, PRIVATE PROP",45,True,2025-03,2025,3,18.0,0.0,18.0,16.0,1.0,7.0
TLGR-PRV,"TALL GRASS/WEEDS, PRIVATE PROP",45,True,2025-04,2025,4,297.0,33.0,264.0,220.0,0.0,15.0
TLGR-PRV,"TALL GRASS/WEEDS, PRIVATE PROP",45,True,2025-05,2025,5,1082.0,240.0,842.0,730.0,2.0,15.0
TLGR-PRV,"TALL GRASS/WEEDS, PRIVATE PROP",45,True,2025-06,2025,6,859.0,200.0,659.0,553.0,0.0,14.0
TLGR-PRV,"TALL GRASS/WEEDS, PRIVATE PROP",45,True,2025-07,2025,7,732.0,163.0,569.0,457.0,0.0,10.0
TLGR-PRV,"TALL GRASS/WEEDS, PRIVATE PROP",45,True,2025-08,2025,8,591.0,148.0,443.0,372.0,1.0,15.0
TLGR-PRV,"TALL GRASS/WEEDS, PRIVATE PROP",45,True,2025-09,2025,9,326.0,78.0,248.0,214.0,0.0,14.0
TLGR-PRV,"TALL GRASS/WEEDS, PRIVATE PROP",45,True,2025-10,2025,10,211.0,17.0,194.0,151.0,0.0,14.5
TLGR-PRV,"TALL GRASS/WEEDS, PRIVATE PROP",45,True,2025-11,2025,11,43.0,5.0,38.0,17.0,4.0,56.0
TLGR-PRV,"TALL GRASS/WEEDS, PRIVATE PROP",45,True,2025-12,2025,12,7.0,0.0,7.0,6.0,0.0,2.0
TLGR-PRV,"TALL GRASS/WEEDS, PRIVATE PROP",45,True,2026-01,2026,1,5.0,0.0,5.0,5.0,0.0,1.0
TLGR-PRV,"TALL GRASS/WEEDS, PRIVATE PROP",45,True,2026-02,2026,2,1.0,0.0,1.0,1.0,0.0,5.0
TLGR-PRV,"TALL GRASS/WEEDS, PRIVATE PROP",45,True,2026-03,2026,3,18.0,2.0,16.0,15.0,0.0,6.0
TLGR-PRV,"TALL GRASS/WEEDS, PRIVATE PROP",45,True,2026-04,2026,4,383.0,52.0,331.0,296.0,4.0,14.0
TLGR-PRV,"TALL GRASS/WEEDS, PRIVATE PROP",45,True,2026-05,2026,5,753.0,124.0,629.0,561.0,14.0,15.0
TLGR-PRV,"TALL GRASS/WEEDS, PRIVATE PROP",45,True,2026-06,2026,6,864.0,183.0,681.0,648.0,4.0,15.0
TLGR-PRV,"TALL GRASS/WEEDS, PRIVATE PROP",45,True,2026-07,2026,7,962.0,190.0,772.0,758.0,6.0,14.0
TLGR-PRV,"TALL GRASS/WEEDS, PRIVATE PROP",45,True,2026-08,2026,8,818.0,177.0,63.0,62.0,1.0,9.0
TRASH-I,"TRASH, IMPROPER SET OUT",1,False,2023-01,2023,1,61.0,5.0,56.0,40.0,0.0,2.0
TRASH-I,"TRASH, IMPROPER SET OUT",1,False,2023-02,2023,2,183.0,10.0,173.0,105.0,1.0,1.5
TRASH-I,"TRASH, IMPROPER SET OUT",1,False,2023-03,2023,3,102.0,6.0,96.0,65.0,0.0,2.0
TRASH-I,"TRASH, IMPROPER SET OUT",1,False,2023-04,2023,4,94.0,9.0,85.0,54.0,0.0,3.0
TRASH-I,"TRASH, IMPROPER SET OUT",1,False,2023-05,2023,5,112.0,11.0,101.0,60.0,0.0,3.0
TRASH-I,"TRASH, IMPROPER SET OUT",1,False,2023-06,2023,6,150.0,8.0,142.0,57.0,0.0,5.0
TRASH-I,"TRASH, IMPROPER SET OUT",1,False,2023-07,2023,7,148.0,18.0,130.0,99.0,0.0,2.0
TRASH-I,"TRASH, IMPROPER SET OUT",1,False,2023-08,2023,8,258.0,26.0,232.0,185.0,1.0,1.0
TRASH-I,"TRASH, IMPROPER SET OUT",1,False,2023-09,2023,9,129.0,10.0,119.0,89.0,2.0,2.0
TRASH-I,"TRASH, IMPROPER SET OUT",1,False,2023-10,2023,10,94.0,5.0,89.0,62.0,0.0,2.0
TRASH-I,"TRASH, IMPROPER SET OUT",1,False,2023-11,2023,11,95.0,5.0,90.0,59.0,1.0,2.0
TRASH-I,"TRASH, IMPROPER SET OUT",1,False,2023-12,2023,12,101.0,8.0,93.0,75.0,1.0,1.0
TRASH-I,"TRASH, IMPROPER SET OUT",1,False,2024-01,2024,1,117.0,9.0,108.0,68.0,0.0,2.0
TRASH-I,"TRASH, IMPROPER SET OUT",1,False,2024-02,2024,2,110.0,10.0,100.0,50.0,0.0,6.0
TRASH-I,"TRASH, IMPROPER SET OUT",1,False,2024-03,2024,3,97.0,4.0,93.0,64.0,0.0,3.0
TRASH-I,"TRASH, IMPROPER SET OUT",1,False,2024-04,2024,4,81.0,13.0,68.0,44.0,0.0,2.5
TRASH-I,"TRASH, IMPROPER SET OUT",1,False,2024-05,2024,5,98.0,9.0,89.0,52.0,0.0,3.0
TRASH-I,"TRASH, IMPROPER SET OUT",1,False,2024-06,2024,6,108.0,7.0,101.0,68.0,0.0,2.0
TRASH-I,"TRASH, IMPROPER SET OUT",1,False,2024-07,2024,7,183.0,18.0,165.0,98.0,0.0,1.0
TRASH-I,"TRASH, IMPROPER SET OUT",1,False,2024-08,2024,8,143.0,13.0,130.0,68.0,0.0,2.0
TRASH-I,"TRASH, IMPROPER SET OUT",1,False,2024-09,2024,9,135.0,4.0,131.0,77.0,0.0,2.0
TRASH-I,"TRASH, IMPROPER SET OUT",1,False,2024-10,2024,10,177.0,7.0,170.0,125.0,0.0,1.0
TRASH-I,"TRASH, IMPROPER SET OUT",1,False,2024-11,2024,11,149.0,8.0,141.0,85.0,0.0,1.0
TRASH-I,"TRASH, IMPROPER SET OUT",1,False,2024-12,2024,12,109.0,4.0,105.0,46.0,0.0,3.0
TRASH-I,"TRASH, IMPROPER SET OUT",1,False,2025-01,2025,1,87.0,14.0,73.0,17.0,0.0,5.0
TRASH-I,"TRASH, IMPROPER SET OUT",1,False,2025-02,2025,2,124.0,15.0,109.0,44.0,0.0,3.0
TRASH-I,"TRASH, IMPROPER SET OUT",1,False,2025-03,2025,3,120.0,9.0,111.0,53.0,0.0,3.0
TRASH-I,"TRASH, IMPROPER SET OUT",1,False,2025-04,2025,4,192.0,11.0,181.0,81.0,0.0,2.0
TRASH-I,"TRASH, IMPROPER SET OUT",1,False,2025-05,2025,5,231.0,15.0,216.0,100.0,0.0,2.0
TRASH-I,"TRASH, IMPROPER SET OUT",1,False,2025-06,2025,6,167.0,14.0,153.0,88.0,0.0,1.0
TRASH-I,"TRASH, IMPROPER SET OUT",1,False,2025-07,2025,7,340.0,23.0,317.0,165.0,0.0,2.0
TRASH-I,"TRASH, IMPROPER SET OUT",1,False,2025-08,2025,8,372.0,23.0,349.0,117.0,1.0,4.0
TRASH-I,"TRASH, IMPROPER SET OUT",1,False,2025-09,2025,9,299.0,14.0,285.0,129.0,0.0,2.0
TRASH-I,"TRASH, IMPROPER SET OUT",1,False,2025-10,2025,10,215.0,11.0,204.0,126.0,0.0,1.0
TRASH-I,"TRASH, IMPROPER SET OUT",1,False,2025-11,2025,11,213.0,11.0,202.0,125.0,0.0,1.0
TRASH-I,"TRASH, IMPROPER SET OUT",1,False,2025-12,2025,12,182.0,7.0,175.0,53.0,0.0,4.0
TRASH-I,"TRASH, IMPROPER SET OUT",1,False,2026-01,2026,1,211.0,13.0,198.0,62.0,0.0,4.0
TRASH-I,"TRASH, IMPROPER SET OUT",1,False,2026-02,2026,2,203.0,6.0,197.0,66.0,0.0,4.0
TRASH-I,"TRASH, IMPROPER SET OUT",1,False,2026-03,2026,3,255.0,25.0,230.0,72.0,0.0,5.5
TRASH-I,"TRASH, IMPROPER SET OUT",1,False,2026-04,2026,4,322.0,20.0,302.0,127.0,0.0,2.0
TRASH-I,"TRASH, IMPROPER SET OUT",1,False,2026-05,2026,5,148.0,13.0,135.0,74.0,0.0,2.0
TRASH-I,"TRASH, IMPROPER SET OUT",1,False,2026-06,2026,6,325.0,10.0,315.0,177.0,0.0,1.0
TRASH-I,"TRASH, IMPROPER SET OUT",1,False,2026-07,2026,7,425.0,14.0,411.0,285.0,0.0,1.0
TRASH-I,"TRASH, IMPROPER SET OUT",1,False,2026-08,2026,8,238.0,20.0,218.0,161.0,2.0,1.0
TRREPR,"TRASH CART, REPAIR",21,False,2023-01,2023,1,75.0,0.0,75.0,75.0,0.0,5.0
TRREPR,"TRASH CART, REPAIR",21,False,2023-02,2023,2,65.0,0.0,65.0,64.0,0.0,7.0
TRREPR,"TRASH CART, REPAIR",21,False,2023-03,2023,3,118.0,0.0,118.0,114.0,0.0,5.0
TRREPR,"TRASH CART, REPAIR",21,False,2023-04,2023,4,118.0,0.0,118.0,104.0,0.0,7.0
TRREPR,"TRASH CART, REPAIR",21,False,2023-05,2023,5,160.0,1.0,159.0,140.0,0.0,7.0
TRREPR,"TRASH CART, REPAIR",21,False,2023-06,2023,6,159.0,0.0,159.0,103.0,0.0,12.0
TRREPR,"TRASH CART, REPAIR",21,False,2023-07,2023,7,172.0,2.0,170.0,128.0,0.0,12.0
TRREPR,"TRASH CART, REPAIR",21,False,2023-08,2023,8,176.0,0.0,176.0,137.0,0.0,7.0
TRREPR,"TRASH CART, REPAIR",21,False,2023-09,2023,9,137.0,0.0,137.0,113.0,0.0,10.0
TRREPR,"TRASH CART, REPAIR",21,False,2023-10,2023,10,127.0,0.0,127.0,125.0,0.0,7.0
TRREPR,"TRASH CART, REPAIR",21,False,2023-11,2023,11,100.0,0.0,100.0,91.0,0.0,7.0
TRREPR,"TRASH CART, REPAIR",21,False,2023-12,2023,12,103.0,0.0,103.0,93.0,0.0,7.0
TRREPR,"TRASH CART, REPAIR",21,False,2024-01,2024,1,92.0,0.0,92.0,65.0,0.0,11.5
TRREPR,"TRASH CART, REPAIR",21,False,2024-02,2024,2,99.0,0.0,99.0,77.0,0.0,12.0
TRREPR,"TRASH CART, REPAIR",21,False,2024-03,2024,3,93.0,1.0,92.0,92.0,0.0,6.0
TRREPR,"TRASH CART, REPAIR",21,False,2024-04,2024,4,100.0,0.0,100.0,100.0,0.0,6.0
TRREPR,"TRASH CART, REPAIR",21,False,2024-05,2024,5,174.0,0.0,174.0,170.0,0.0,7.0
TRREPR,"TRASH CART, REPAIR",21,False,2024-06,2024,6,141.0,1.0,140.0,122.0,0.0,10.5
TRREPR,"TRASH CART, REPAIR",21,False,2024-07,2024,7,175.0,0.0,175.0,168.0,0.0,8.0
TRREPR,"TRASH CART, REPAIR",21,False,2024-08,2024,8,180.0,0.0,180.0,179.0,0.0,6.0
TRREPR,"TRASH CART, REPAIR",21,False,2024-09,2024,9,116.0,0.0,116.0,116.0,0.0,5.0
TRREPR,"TRASH CART, REPAIR",21,False,2024-10,2024,10,133.0,0.0,133.0,133.0,0.0,7.0
TRREPR,"TRASH CART, REPAIR",21,False,2024-11,2024,11,123.0,0.0,123.0,88.0,0.0,12.0
TRREPR,"TRASH CART, REPAIR",21,False,2024-12,2024,12,92.0,0.0,92.0,69.0,0.0,13.0
TRREPR,"TRASH CART, REPAIR",21,False,2025-01,2025,1,72.0,0.0,72.0,70.0,0.0,7.0
TRREPR,"TRASH CART, REPAIR",21,False,2025-02,2025,2,100.0,0.0,100.0,99.0,0.0,6.5
TRREPR,"TRASH CART, REPAIR",21,False,2025-03,2025,3,130.0,0.0,130.0,116.0,0.0,12.0
TRREPR,"TRASH CART, REPAIR",21,False,2025-04,2025,4,146.0,2.0,144.0,131.0,0.0,10.0
TRREPR,"TRASH CART, REPAIR",21,False,2025-05,2025,5,154.0,0.0,153.0,132.0,0.0,10.0
TRREPR,"TRASH CART, REPAIR",21,False,2025-06,2025,6,162.0,0.0,162.0,131.0,0.0,13.0
TRREPR,"TRASH CART, REPAIR",21,False,2025-07,2025,7,166.0,3.0,163.0,157.0,0.0,8.0
TRREPR,"TRASH CART, REPAIR",21,False,2025-08,2025,8,157.0,0.0,157.0,147.0,0.0,8.0
TRREPR,"TRASH CART, REPAIR",21,False,2025-09,2025,9,140.0,0.0,140.0,90.0,0.0,14.0
TRREPR,"TRASH CART, REPAIR",21,False,2025-10,2025,10,112.0,0.0,112.0,57.0,0.0,21.0
TRREPR,"TRASH CART, REPAIR",21,False,2025-11,2025,11,81.0,1.0,80.0,79.0,0.0,7.0
TRREPR,"TRASH CART, REPAIR",21,False,2025-12,2025,12,73.0,0.0,73.0,64.0,0.0,9.0
TRREPR,"TRASH CART, REPAIR",21,False,2026-01,2026,1,97.0,0.0,97.0,92.0,0.0,7.0
TRREPR,"TRASH CART, REPAIR",21,False,2026-02,2026,2,214.0,0.0,214.0,165.0,0.0,1.0
TRREPR,"TRASH CART, REPAIR",21,False,2026-03,2026,3,369.0,1.0,318.0,265.0,0.0,4.0
TRREPR,"TRASH CART, REPAIR",21,False,2026-04,2026,4,165.0,0.0,165.0,165.0,0.0,5.0
TRREPR,"TRASH CART, REPAIR",21,False,2026-05,2026,5,146.0,0.0,146.0,146.0,0.0,3.0
TRREPR,"TRASH CART, REPAIR",21,False,2026-06,2026,6,183.0,3.0,180.0,96.0,1.0,18.0
TRREPR,"TRASH CART, REPAIR",21,False,2026-07,2026,7,184.0,9.0,175.0,32.0,96.0,28.0
TRREPR,"TRASH CART, REPAIR",21,False,2026-08,2026,8,139.0,2.0,128.0,85.0,26.0,13.0
TRSHCRTR,"TRASH CART, REGISTRATION",7,False,2023-01,2023,1,176.0,8.0,168.0,159.0,0.0,1.0
TRSHCRTR,"TRASH CART, REGISTRATION",7,False,2023-02,2023,2,144.0,6.0,138.0,134.0,0.0,1.0
TRSHCRTR,"TRASH CART, REGISTRATION",7,False,2023-03,2023,3,197.0,5.0,192.0,192.0,0.0,1.0
TRSHCRTR,"TRASH CART, REGISTRATION",7,False,2023-04,2023,4,181.0,5.0,176.0,176.0,0.0,1.0
TRSHCRTR,"TRASH CART, REGISTRATION",7,False,2023-05,2023,5,186.0,7.0,179.0,179.0,0.0,1.0
TRSHCRTR,"TRASH CART, REGISTRATION",7,False,2023-06,2023,6,148.0,2.0,146.0,146.0,0.0,1.0
TRSHCRTR,"TRASH CART, REGISTRATION",7,False,2023-07,2023,7,166.0,5.0,161.0,161.0,0.0,2.0
TRSHCRTR,"TRASH CART, REGISTRATION",7,False,2023-08,2023,8,194.0,13.0,181.0,180.0,0.0,2.0
TRSHCRTR,"TRASH CART, REGISTRATION",7,False,2023-09,2023,9,127.0,3.0,124.0,122.0,0.0,2.5
TRSHCRTR,"TRASH CART, REGISTRATION",7,False,2023-10,2023,10,139.0,2.0,137.0,137.0,0.0,2.0
TRSHCRTR,"TRASH CART, REGISTRATION",7,False,2023-11,2023,11,111.0,3.0,108.0,97.0,0.0,4.0
TRSHCRTR,"TRASH CART, REGISTRATION",7,False,2023-12,2023,12,115.0,1.0,114.0,112.0,0.0,3.0
TRSHCRTR,"TRASH CART, REGISTRATION",7,False,2024-01,2024,1,131.0,1.0,130.0,121.0,0.0,4.0
TRSHCRTR,"TRASH CART, REGISTRATION",7,False,2024-02,2024,2,155.0,1.0,154.0,147.0,0.0,4.0
TRSHCRTR,"TRASH CART, REGISTRATION",7,False,2024-03,2024,3,168.0,3.0,165.0,165.0,0.0,2.0
TRSHCRTR,"TRASH CART, REGISTRATION",7,False,2024-04,2024,4,205.0,4.0,201.0,199.0,0.0,2.0
TRSHCRTR,"TRASH CART, REGISTRATION",7,False,2024-05,2024,5,300.0,9.0,291.0,288.0,0.0,2.0
TRSHCRTR,"TRASH CART, REGISTRATION",7,False,2024-06,2024,6,177.0,5.0,172.0,171.0,0.0,2.0
TRSHCRTR,"TRASH CART, REGISTRATION",7,False,2024-07,2024,7,207.0,5.0,202.0,194.0,0.0,2.0
TRSHCRTR,"TRASH CART, REGISTRATION",7,False,2024-08,2024,8,160.0,10.0,150.0,150.0,0.0,2.0
TRSHCRTR,"TRASH CART, REGISTRATION",7,False,2024-09,2024,9,154.0,2.0,152.0,148.0,0.0,2.0
TRSHCRTR,"TRASH CART, REGISTRATION",7,False,2024-10,2024,10,158.0,5.0,153.0,144.0,0.0,3.0
TRSHCRTR,"TRASH CART, REGISTRATION",7,False,2024-11,2024,11,117.0,6.0,111.0,97.0,0.0,5.0
TRSHCRTR,"TRASH CART, REGISTRATION",7,False,2024-12,2024,12,143.0,1.0,142.0,139.0,0.0,3.0
TRSHCRTR,"TRASH CART, REGISTRATION",7,False,2025-01,2025,1,125.0,1.0,124.0,91.0,0.0,6.0
TRSHCRTR,"TRASH CART, REGISTRATION",7,False,2025-02,2025,2,156.0,2.0,154.0,118.0,0.0,4.0
TRSHCRTR,"TRASH CART, REGISTRATION",7,False,2025-03,2025,3,184.0,2.0,182.0,130.0,0.0,5.0
TRSHCRTR,"TRASH CART, REGISTRATION",7,False,2025-04,2025,4,188.0,6.0,182.0,134.0,0.0,3.0
TRSHCRTR,"TRASH CART, REGISTRATION",7,False,2025-05,2025,5,186.0,4.0,182.0,173.0,0.0,3.0
TRSHCRTR,"TRASH CART, REGISTRATION",7,False,2025-06,2025,6,207.0,8.0,199.0,178.0,0.0,4.0
TRSHCRTR,"TRASH CART, REGISTRATION",7,False,2025-07,2025,7,209.0,4.0,205.0,95.0,0.0,8.0
TRSHCRTR,"TRASH CART, REGISTRATION",7,False,2025-08,2025,8,209.0,1.0,208.0,208.0,0.0,1.0
TRSHCRTR,"TRASH CART, REGISTRATION",7,False,2025-09,2025,9,171.0,0.0,171.0,171.0,0.0,1.0
TRSHCRTR,"TRASH CART, REGISTRATION",7,False,2025-10,2025,10,154.0,1.0,153.0,151.0,0.0,1.0
TRSHCRTR,"TRASH CART, REGISTRATION",7,False,2025-11,2025,11,147.0,0.0,147.0,134.0,0.0,2.0
TRSHCRTR,"TRASH CART, REGISTRATION",7,False,2025-12,2025,12,184.0,1.0,183.0,67.0,0.0,10.0
TRSHCRTR,"TRASH CART, REGISTRATION",7,False,2026-01,2026,1,163.0,6.0,157.0,5.0,0.0,21.0
TRSHCRTR,"TRASH CART, REGISTRATION",7,False,2026-02,2026,2,193.0,9.0,184.0,30.0,0.0,11.0
TRSHCRTR,"TRASH CART, REGISTRATION",7,False,2026-03,2026,3,195.0,4.0,191.0,191.0,0.0,2.0
TRSHCRTR,"TRASH CART, REGISTRATION",7,False,2026-04,2026,4,194.0,0.0,194.0,141.0,0.0,2.0
TRSHCRTR,"TRASH CART, REGISTRATION",7,False,2026-05,2026,5,191.0,0.0,191.0,180.0,0.0,3.0
TRSHCRTR,"TRASH CART, REGISTRATION",7,False,2026-06,2026,6,233.0,0.0,233.0,224.0,0.0,4.0
TRSHCRTR,"TRASH CART, REGISTRATION",7,False,2026-07,2026,7,272.0,2.0,270.0,115.0,0.0,8.0
TRSHCRTR,"TRASH CART, REGISTRATION",7,False,2026-08,2026,8,255.0,1.0,254.0,86.0,0.0,14.0
TSIG-MAL,"SIGNAL, TRAF/PED/SCHOOL REPAIR",1,False,2023-01,2023,1,199.0,46.0,153.0,119.0,0.0,1.0
TSIG-MAL,"SIGNAL, TRAF/PED/SCHOOL REPAIR",1,False,2023-02,2023,2,154.0,0.0,154.0,118.0,0.0,1.0
TSIG-MAL,"SIGNAL, TRAF/PED/SCHOOL REPAIR",1,False,2023-03,2023,3,199.0,0.0,199.0,142.0,0.0,1.0
TSIG-MAL,"SIGNAL, TRAF/PED/SCHOOL REPAIR",1,False,2023-04,2023,4,182.0,0.0,182.0,124.0,0.0,1.0
TSIG-MAL,"SIGNAL, TRAF/PED/SCHOOL REPAIR",1,False,2023-05,2023,5,122.0,0.0,122.0,91.0,0.0,1.0
TSIG-MAL,"SIGNAL, TRAF/PED/SCHOOL REPAIR",1,False,2023-06,2023,6,157.0,2.0,155.0,118.0,0.0,1.0
TSIG-MAL,"SIGNAL, TRAF/PED/SCHOOL REPAIR",1,False,2023-07,2023,7,130.0,4.0,126.0,95.0,0.0,1.0
TSIG-MAL,"SIGNAL, TRAF/PED/SCHOOL REPAIR",1,False,2023-08,2023,8,152.0,0.0,152.0,135.0,0.0,1.0
TSIG-MAL,"SIGNAL, TRAF/PED/SCHOOL REPAIR",1,False,2023-09,2023,9,134.0,1.0,133.0,112.0,0.0,1.0
TSIG-MAL,"SIGNAL, TRAF/PED/SCHOOL REPAIR",1,False,2023-10,2023,10,159.0,0.0,159.0,142.0,0.0,1.0
TSIG-MAL,"SIGNAL, TRAF/PED/SCHOOL REPAIR",1,False,2023-11,2023,11,75.0,2.0,73.0,55.0,0.0,1.0
TSIG-MAL,"SIGNAL, TRAF/PED/SCHOOL REPAIR",1,False,2023-12,2023,12,89.0,4.0,85.0,65.0,0.0,1.0
TSIG-MAL,"SIGNAL, TRAF/PED/SCHOOL REPAIR",1,False,2024-01,2024,1,150.0,28.0,122.0,117.0,0.0,0.0
TSIG-MAL,"SIGNAL, TRAF/PED/SCHOOL REPAIR",1,False,2024-02,2024,2,115.0,10.0,105.0,99.0,0.0,0.0
TSIG-MAL,"SIGNAL, TRAF/PED/SCHOOL REPAIR",1,False,2024-03,2024,3,129.0,4.0,125.0,122.0,0.0,0.0
TSIG-MAL,"SIGNAL, TRAF/PED/SCHOOL REPAIR",1,False,2024-04,2024,4,169.0,19.0,150.0,143.0,0.0,0.0
TSIG-MAL,"SIGNAL, TRAF/PED/SCHOOL REPAIR",1,False,2024-05,2024,5,180.0,24.0,156.0,148.0,0.0,0.0
TSIG-MAL,"SIGNAL, TRAF/PED/SCHOOL REPAIR",1,False,2024-06,2024,6,145.0,7.0,138.0,130.0,0.0,0.0
TSIG-MAL,"SIGNAL, TRAF/PED/SCHOOL REPAIR",1,False,2024-07,2024,7,196.0,9.0,187.0,179.0,0.0,0.0
TSIG-MAL,"SIGNAL, TRAF/PED/SCHOOL REPAIR",1,False,2024-08,2024,8,147.0,2.0,145.0,144.0,0.0,0.0
TSIG-MAL,"SIGNAL, TRAF/PED/SCHOOL REPAIR",1,False,2024-09,2024,9,195.0,20.0,175.0,152.0,0.0,1.0
TSIG-MAL,"SIGNAL, TRAF/PED/SCHOOL REPAIR",1,False,2024-10,2024,10,174.0,11.0,163.0,153.0,0.0,1.0
TSIG-MAL,"SIGNAL, TRAF/PED/SCHOOL REPAIR",1,False,2024-11,2024,11,119.0,6.0,113.0,101.0,0.0,1.0
TSIG-MAL,"SIGNAL, TRAF/PED/SCHOOL REPAIR",1,False,2024-12,2024,12,122.0,13.0,109.0,99.0,0.0,0.0
TSIG-MAL,"SIGNAL, TRAF/PED/SCHOOL REPAIR",1,False,2025-01,2025,1,129.0,3.0,126.0,105.0,0.0,1.0
TSIG-MAL,"SIGNAL, TRAF/PED/SCHOOL REPAIR",1,False,2025-02,2025,2,171.0,7.0,164.0,141.0,0.0,1.0
TSIG-MAL,"SIGNAL, TRAF/PED/SCHOOL REPAIR",1,False,2025-03,2025,3,196.0,19.0,177.0,153.0,0.0,0.0
TSIG-MAL,"SIGNAL, TRAF/PED/SCHOOL REPAIR",1,False,2025-04,2025,4,244.0,6.0,238.0,214.0,0.0,1.0
TSIG-MAL,"SIGNAL, TRAF/PED/SCHOOL REPAIR",1,False,2025-05,2025,5,229.0,21.0,208.0,185.0,0.0,0.0
TSIG-MAL,"SIGNAL, TRAF/PED/SCHOOL REPAIR",1,False,2025-06,2025,6,252.0,12.0,240.0,195.0,0.0,1.0
TSIG-MAL,"SIGNAL, TRAF/PED/SCHOOL REPAIR",1,False,2025-07,2025,7,204.0,13.0,175.0,166.0,0.0,1.0
TSIG-MAL,"SIGNAL, TRAF/PED/SCHOOL REPAIR",1,False,2025-08,2025,8,181.0,18.0,154.0,138.0,1.0,0.0
TSIG-MAL,"SIGNAL, TRAF/PED/SCHOOL REPAIR",1,False,2025-09,2025,9,186.0,23.0,162.0,155.0,0.0,0.0
TSIG-MAL,"SIGNAL, TRAF/PED/SCHOOL REPAIR",1,False,2025-10,2025,10,222.0,52.0,170.0,165.0,0.0,0.0
TSIG-MAL,"SIGNAL, TRAF/PED/SCHOOL REPAIR",1,False,2025-11,2025,11,114.0,12.0,100.0,96.0,0.0,0.0
TSIG-MAL,"SIGNAL, TRAF/PED/SCHOOL REPAIR",1,False,2025-12,2025,12,174.0,36.0,138.0,126.0,0.0,0.0
TSIG-MAL,"SIGNAL, TRAF/PED/SCHOOL REPAIR",1,False,2026-01,2026,1,130.0,15.0,115.0,104.0,0.0,1.0
TSIG-MAL,"SIGNAL, TRAF/PED/SCHOOL REPAIR",1,False,2026-02,2026,2,154.0,8.0,143.0,133.0,1.0,0.0
TSIG-MAL,"SIGNAL, TRAF/PED/SCHOOL REPAIR",1,False,2026-03,2026,3,391.0,19.0,372.0,365.0,0.0,0.0
TSIG-MAL,"SIGNAL, TRAF/PED/SCHOOL REPAIR",1,False,2026-04,2026,4,221.0,27.0,193.0,183.0,0.0,0.0
TSIG-MAL,"SIGNAL, TRAF/PED/SCHOOL REPAIR",1,False,2026-05,2026,5,303.0,24.0,279.0,269.0,1.0,0.0
TSIG-MAL,"SIGNAL, TRAF/PED/SCHOOL REPAIR",1,False,2026-06,2026,6,237.0,12.0,225.0,212.0,1.0,0.0
TSIG-MAL,"SIGNAL, TRAF/PED/SCHOOL REPAIR",1,False,2026-07,2026,7,311.0,25.0,285.0,283.0,0.0,0.0
TSIG-MAL,"SIGNAL, TRAF/PED/SCHOOL REPAIR",1,False,2026-08,2026,8,401.0,18.0,381.0,371.0,1.0,0.0
YDWSTA-J,"YARD WASTE,RTC",7,False,2023-01,2023,1,160.0,1.0,159.0,150.0,0.0,1.0
YDWSTA-J,"YARD WASTE,RTC",7,False,2023-02,2023,2,18.0,0.0,18.0,17.0,0.0,1.0
YDWSTA-J,"YARD WASTE,RTC",7,False,2023-03,2023,3,28.0,1.0,27.0,27.0,0.0,1.0
YDWSTA-J,"YARD WASTE,RTC",7,False,2023-04,2023,4,400.0,2.0,398.0,376.0,0.0,3.0
YDWSTA-J,"YARD WASTE,RTC",7,False,2023-05,2023,5,394.0,1.0,393.0,352.0,0.0,2.0
YDWSTA-J,"YARD WASTE,RTC",7,False,2023-06,2023,6,317.0,0.0,317.0,217.0,0.0,6.0
YDWSTA-J,"YARD WASTE,RTC",7,False,2023-07,2023,7,229.0,0.0,229.0,195.0,0.0,3.0
YDWSTA-J,"YARD WASTE,RTC",7,False,2023-08,2023,8,301.0,1.0,300.0,236.0,0.0,3.0
YDWSTA-J,"YARD WASTE,RTC",7,False,2023-09,2023,9,191.0,0.0,191.0,185.0,0.0,2.0
YDWSTA-J,"YARD WASTE,RTC",7,False,2023-10,2023,10,252.0,3.0,249.0,249.0,0.0,1.0
YDWSTA-J,"YARD WASTE,RTC",7,False,2023-11,2023,11,321.0,3.0,316.0,316.0,0.0,1.0
YDWSTA-J,"YARD WASTE,RTC",7,False,2023-12,2023,12,171.0,0.0,171.0,169.0,0.0,1.0
YDWSTA-J,"YARD WASTE,RTC",7,False,2024-01,2024,1,156.0,0.0,156.0,135.0,0.0,1.0
YDWSTA-J,"YARD WASTE,RTC",7,False,2024-02,2024,2,7.0,0.0,7.0,5.0,0.0,1.0
YDWSTA-J,"YARD WASTE,RTC",7,False,2024-03,2024,3,7.0,0.0,7.0,7.0,0.0,1.0
YDWSTA-J,"YARD WASTE,RTC",7,False,2024-04,2024,4,724.0,6.0,718.0,693.0,0.0,4.0
YDWSTA-J,"YARD WASTE,RTC",7,False,2024-05,2024,5,697.0,0.0,697.0,558.0,0.0,4.0
YDWSTA-J,"YARD WASTE,RTC",7,False,2024-06,2024,6,323.0,1.0,322.0,310.0,0.0,1.0
YDWSTA-J,"YARD WASTE, MISSED COLLECTION",7,False,2024-07,2024,7,549.0,0.0,549.0,487.0,0.0,2.0
YDWSTA-J,"YARD WASTE, MISSED COLLECTION",7,False,2024-08,2024,8,440.0,2.0,438.0,430.0,0.0,1.0
YDWSTA-J,"YARD WASTE, MISSED COLLECTION",7,False,2024-09,2024,9,266.0,4.0,262.0,225.0,0.0,1.0
YDWSTA-J,"YARD WASTE, MISSED COLLECTION",7,False,2024-10,2024,10,298.0,1.0,297.0,290.0,0.0,1.0
YDWSTA-J,"YARD WASTE, MISSED COLLECTION",7,False,2024-11,2024,11,207.0,1.0,206.0,161.0,0.0,1.0
YDWSTA-J,"YARD WASTE, MISSED COLLECTION",7,False,2024-12,2024,12,152.0,2.0,150.0,121.0,0.0,2.0
YDWSTA-J,"YARD WASTE,RTC",7,False,2025-01,2025,1,162.0,0.0,162.0,86.0,0.0,7.0
YDWSTA-J,"YARD WASTE,RTC",7,False,2025-03,2025,3,1.0,0.0,1.0,1.0,0.0,1.0
YDWSTA-J,"YARD WASTE,RTC",7,False,2025-04,2025,4,537.0,3.0,534.0,458.0,0.0,1.0
YDWSTA-J,"YARD WASTE, MISSED COLLECTION",7,False,2025-05,2025,5,349.0,2.0,347.0,316.0,0.0,1.0
YDWSTA-J,"YARD WASTE, MISSED COLLECTION",7,False,2025-06,2025,6,237.0,1.0,236.0,226.0,0.0,1.0
YDWSTA-J,"YARD WASTE, MISSED COLLECTION",7,False,2025-07,2025,7,326.0,1.0,325.0,305.0,0.0,1.0
YDWSTA-J,"YARD WASTE, MISSED COLLECTION",7,False,2025-08,2025,8,260.0,1.0,259.0,243.0,0.0,1.0
YDWSTA-J,"YARD WASTE, MISSED COLLECTION",7,False,2025-09,2025,9,235.0,1.0,234.0,227.0,0.0,1.5
YDWSTA-J,"YARD WASTE, MISSED COLLECTION",7,False,2025-10,2025,10,264.0,1.0,263.0,263.0,0.0,2.0
YDWSTA-J,"YARD WASTE, MISSED COLLECTION",7,False,2025-11,2025,11,488.0,1.0,487.0,369.0,0.0,3.0
YDWSTA-J,"YARD WASTE, MISSED COLLECTION",7,False,2025-12,2025,12,552.0,3.0,546.0,395.0,0.0,5.0
YDWSTA-J,"YARD WASTE, MISSED COLLECTION",7,False,2026-01,2026,1,174.0,0.0,174.0,171.0,0.0,1.0
YDWSTA-J,"YARD WASTE, MISSED COLLECTION",7,False,2026-03,2026,3,5.0,0.0,5.0,5.0,0.0,1.0
YDWSTA-J,"YARD WASTE, MISSED COLLECTION",7,False,2026-04,2026,4,1940.0,3.0,1937.0,1765.0,0.0,2.0
YDWSTA-J,"YARD WASTE, MISSED COLLECTION",7,False,2026-05,2026,5,970.0,3.0,967.0,928.0,0.0,2.0
YDWSTA-J,"YARD WASTE, MISSED COLLECTION",7,False,2026-06,2026,6,582.0,0.0,582.0,582.0,0.0,1.0
YDWSTA-J,"YARD WASTE,RTC",7,False,2026-07,2026,7,829.0,4.0,825.0,812.0,0.0,2.0
YDWSTA-J,"YARD WASTE,RTC",7,False,2026-08,2026,8,728.0,7.0,721.0,691.0,0.0,2.0
