neighborhood,sr_type,service_label,committed_days,intake,evaluable,on_time,median_days_to_close
AVONDALE,BLD-RES,"BUILDING, RESIDENTIAL",365,1181.0,749.0,415.0,70.0
AVONDALE,LITR-PRV,"LITTER, PRIVATE PROPERTY",45,1008.0,860.0,702.0,12.0
AVONDALE,PTHOLE,"POTHOLE, REPAIR",12,628.0,586.0,553.0,2.0
AVONDALE,TLGR-PRV,"TALL GRASS/WEEDS, PRIVATE PROP",45,767.0,598.0,496.0,14.0
BOND HILL,BLD-RES,"BUILDING, RESIDENTIAL",365,320.0,211.0,126.0,52.0
BOND HILL,LITR-PRV,"LITTER, PRIVATE PROPERTY",45,325.0,292.0,261.0,5.0
BOND HILL,PTHOLE,"POTHOLE, REPAIR",12,581.0,502.0,483.0,2.0
BOND HILL,TLGR-PRV,"TALL GRASS/WEEDS, PRIVATE PROP",45,358.0,256.0,229.0,7.0
CALIFORNIA,PTHOLE,"POTHOLE, REPAIR",12,200.0,180.0,174.0,2.0
CAMP WASHINGTON,LITR-PRV,"LITTER, PRIVATE PROPERTY",45,183.0,159.0,136.0,7.0
CAMP WASHINGTON,PTHOLE,"POTHOLE, REPAIR",12,411.0,377.0,359.0,1.0
CARTHAGE,LITR-PRV,"LITTER, PRIVATE PROPERTY",45,213.0,174.0,140.0,13.0
CARTHAGE,PTHOLE,"POTHOLE, REPAIR",12,202.0,183.0,171.0,2.0
CARTHAGE,TLGR-PRV,"TALL GRASS/WEEDS, PRIVATE PROP",45,176.0,124.0,103.0,15.0
CLIFTON,BLD-RES,"BUILDING, RESIDENTIAL",365,276.0,159.0,76.0,25.5
CLIFTON,LITR-PRV,"LITTER, PRIVATE PROPERTY",45,221.0,194.0,166.0,8.0
CLIFTON,PTHOLE,"POTHOLE, REPAIR",12,589.0,535.0,493.0,3.0
CLIFTON,TLGR-PRV,"TALL GRASS/WEEDS, PRIVATE PROP",45,186.0,151.0,131.0,8.5
COLLEGE HILL,BLD-RES,"BUILDING, RESIDENTIAL",365,498.0,328.0,163.0,51.0
COLLEGE HILL,LITR-PRV,"LITTER, PRIVATE PROPERTY",45,380.0,320.0,286.0,5.0
COLLEGE HILL,PTHOLE,"POTHOLE, REPAIR",12,1260.0,1177.0,1149.0,2.0
COLLEGE HILL,TLGR-PRV,"TALL GRASS/WEEDS, PRIVATE PROP",45,558.0,475.0,437.0,14.0
COLUMBIA TUSCULUM,PTHOLE,"POTHOLE, REPAIR",12,195.0,176.0,163.0,3.0
CORRYVILLE,LITR-PRV,"LITTER, PRIVATE PROPERTY",45,124.0,103.0,91.0,5.5
CORRYVILLE,PTHOLE,"POTHOLE, REPAIR",12,522.0,446.0,394.0,3.0
CUF,BLD-RES,"BUILDING, RESIDENTIAL",365,747.0,500.0,247.0,41.0
CUF,LITR-PRV,"LITTER, PRIVATE PROPERTY",45,1039.0,923.0,844.0,6.0
CUF,PTHOLE,"POTHOLE, REPAIR",12,843.0,731.0,658.0,2.0
CUF,TLGR-PRV,"TALL GRASS/WEEDS, PRIVATE PROP",45,667.0,573.0,486.0,16.0
DOWNTOWN,LITR-PRV,"LITTER, PRIVATE PROPERTY",45,199.0,171.0,169.0,4.0
DOWNTOWN,PTHOLE,"POTHOLE, REPAIR",12,822.0,776.0,730.0,2.0
EAST END,PTHOLE,"POTHOLE, REPAIR",12,331.0,278.0,264.0,2.0
EAST END,TLGR-PRV,"TALL GRASS/WEEDS, PRIVATE PROP",45,160.0,112.0,91.0,11.5
EAST PRICE HILL,BLD-RES,"BUILDING, RESIDENTIAL",365,1390.0,955.0,447.0,124.0
EAST PRICE HILL,LITR-PRV,"LITTER, PRIVATE PROPERTY",45,1778.0,1420.0,1124.0,9.0
EAST PRICE HILL,PTHOLE,"POTHOLE, REPAIR",12,904.0,811.0,783.0,2.0
EAST PRICE HILL,TLGR-PRV,"TALL GRASS/WEEDS, PRIVATE PROP",45,2047.0,1540.0,1252.0,15.0
EAST WALNUT HILLS,BLD-RES,"BUILDING, RESIDENTIAL",365,208.0,121.0,85.0,39.5
EAST WALNUT HILLS,PTHOLE,"POTHOLE, REPAIR",12,233.0,197.0,178.0,3.0
EAST WALNUT HILLS,TLGR-PRV,"TALL GRASS/WEEDS, PRIVATE PROP",45,167.0,145.0,132.0,10.5
EAST WESTWOOD,BLD-RES,"BUILDING, RESIDENTIAL",365,245.0,157.0,114.0,28.0
EAST WESTWOOD,LITR-PRV,"LITTER, PRIVATE PROPERTY",45,276.0,234.0,186.0,15.0
EAST WESTWOOD,PTHOLE,"POTHOLE, REPAIR",12,140.0,128.0,122.0,3.0
EAST WESTWOOD,TLGR-PRV,"TALL GRASS/WEEDS, PRIVATE PROP",45,165.0,123.0,106.0,14.0
EVANSTON,BLD-RES,"BUILDING, RESIDENTIAL",365,555.0,370.0,171.0,134.5
EVANSTON,LITR-PRV,"LITTER, PRIVATE PROPERTY",45,446.0,400.0,350.0,8.0
EVANSTON,PTHOLE,"POTHOLE, REPAIR",12,523.0,479.0,451.0,3.0
EVANSTON,TLGR-PRV,"TALL GRASS/WEEDS, PRIVATE PROP",45,681.0,530.0,435.0,15.0
HARTWELL,BLD-RES,"BUILDING, RESIDENTIAL",365,586.0,437.0,235.0,118.0
HARTWELL,LITR-PRV,"LITTER, PRIVATE PROPERTY",45,366.0,225.0,190.0,3.5
HARTWELL,PTHOLE,"POTHOLE, REPAIR",12,279.0,241.0,220.0,3.0
HARTWELL,TLGR-PRV,"TALL GRASS/WEEDS, PRIVATE PROP",45,131.0,107.0,93.0,10.0
HYDE PARK,BLD-RES,"BUILDING, RESIDENTIAL",365,287.0,162.0,107.0,46.5
HYDE PARK,LITR-PRV,"LITTER, PRIVATE PROPERTY",45,114.0,100.0,94.0,5.0
HYDE PARK,PTHOLE,"POTHOLE, REPAIR",12,1133.0,1031.0,983.0,2.0
HYDE PARK,TLGR-PRV,"TALL GRASS/WEEDS, PRIVATE PROP",45,184.0,162.0,145.0,9.0
KENNEDY HEIGHTS,BLD-RES,"BUILDING, RESIDENTIAL",365,174.0,124.0,74.0,89.5
KENNEDY HEIGHTS,PTHOLE,"POTHOLE, REPAIR",12,249.0,222.0,202.0,3.0
KENNEDY HEIGHTS,TLGR-PRV,"TALL GRASS/WEEDS, PRIVATE PROP",45,158.0,109.0,100.0,14.0
LINWOOD,PTHOLE,"POTHOLE, REPAIR",12,577.0,520.0,466.0,3.0
LOWER PRICE HILL,PTHOLE,"POTHOLE, REPAIR",12,211.0,188.0,173.0,2.0
MADISONVILLE,BLD-RES,"BUILDING, RESIDENTIAL",365,407.0,215.0,118.0,42.0
MADISONVILLE,LITR-PRV,"LITTER, PRIVATE PROPERTY",45,247.0,222.0,192.0,8.0
MADISONVILLE,PTHOLE,"POTHOLE, REPAIR",12,904.0,827.0,785.0,2.0
MADISONVILLE,TLGR-PRV,"TALL GRASS/WEEDS, PRIVATE PROP",45,471.0,363.0,319.0,14.0
MT. ADAMS,PTHOLE,"POTHOLE, REPAIR",12,249.0,217.0,202.0,3.0
MT. AIRY,BLD-RES,"BUILDING, RESIDENTIAL",365,427.0,301.0,224.0,111.0
MT. AIRY,LITR-PRV,"LITTER, PRIVATE PROPERTY",45,271.0,228.0,198.0,6.0
MT. AIRY,PTHOLE,"POTHOLE, REPAIR",12,693.0,633.0,570.0,3.0
MT. AIRY,TLGR-PRV,"TALL GRASS/WEEDS, PRIVATE PROP",45,206.0,175.0,159.0,14.0
MT. AUBURN,BLD-RES,"BUILDING, RESIDENTIAL",365,333.0,239.0,135.0,52.0
MT. AUBURN,LITR-PRV,"LITTER, PRIVATE PROPERTY",45,301.0,244.0,200.0,10.5
MT. AUBURN,PTHOLE,"POTHOLE, REPAIR",12,271.0,246.0,233.0,2.0
MT. AUBURN,TLGR-PRV,"TALL GRASS/WEEDS, PRIVATE PROP",45,302.0,229.0,176.0,16.0
MT. LOOKOUT,PTHOLE,"POTHOLE, REPAIR",12,280.0,253.0,235.0,3.0
MT. WASHINGTON,BLD-RES,"BUILDING, RESIDENTIAL",365,309.0,181.0,133.0,60.5
MT. WASHINGTON,LITR-PRV,"LITTER, PRIVATE PROPERTY",45,171.0,139.0,123.0,3.5
MT. WASHINGTON,PTHOLE,"POTHOLE, REPAIR",12,835.0,726.0,705.0,2.0
MT. WASHINGTON,TLGR-PRV,"TALL GRASS/WEEDS, PRIVATE PROP",45,269.0,222.0,199.0,11.5
NORTH AVONDALE - PADDOCK HILLS,BLD-RES,"BUILDING, RESIDENTIAL",365,190.0,124.0,83.0,47.0
NORTH AVONDALE - PADDOCK HILLS,LITR-PRV,"LITTER, PRIVATE PROPERTY",45,141.0,123.0,113.0,5.0
NORTH AVONDALE - PADDOCK HILLS,PTHOLE,"POTHOLE, REPAIR",12,385.0,329.0,282.0,3.0
NORTH AVONDALE - PADDOCK HILLS,TLGR-PRV,"TALL GRASS/WEEDS, PRIVATE PROP",45,194.0,134.0,118.0,8.0
NORTH FAIRMOUNT,BLD-RES,"BUILDING, RESIDENTIAL",365,217.0,132.0,61.0,28.0
NORTH FAIRMOUNT,LITR-PRV,"LITTER, PRIVATE PROPERTY",45,265.0,227.0,161.0,17.0
NORTH FAIRMOUNT,PTHOLE,"POTHOLE, REPAIR",12,153.0,146.0,140.0,1.0
NORTH FAIRMOUNT,TLGR-PRV,"TALL GRASS/WEEDS, PRIVATE PROP",45,226.0,176.0,131.0,15.5
NORTHSIDE,BLD-RES,"BUILDING, RESIDENTIAL",365,442.0,247.0,136.0,24.0
NORTHSIDE,LITR-PRV,"LITTER, PRIVATE PROPERTY",45,383.0,310.0,276.0,5.0
NORTHSIDE,PTHOLE,"POTHOLE, REPAIR",12,474.0,446.0,415.0,2.0
NORTHSIDE,TLGR-PRV,"TALL GRASS/WEEDS, PRIVATE PROP",45,402.0,325.0,292.0,15.0
OAKLEY,BLD-RES,"BUILDING, RESIDENTIAL",365,496.0,266.0,190.0,42.0
OAKLEY,LITR-PRV,"LITTER, PRIVATE PROPERTY",45,289.0,257.0,234.0,6.0
OAKLEY,PTHOLE,"POTHOLE, REPAIR",12,1788.0,1521.0,1388.0,3.0
OAKLEY,TLGR-PRV,"TALL GRASS/WEEDS, PRIVATE PROP",45,362.0,285.0,249.0,11.0
OVER-THE-RHINE,BLD-RES,"BUILDING, RESIDENTIAL",365,467.0,290.0,200.0,39.5
OVER-THE-RHINE,LITR-PRV,"LITTER, PRIVATE PROPERTY",45,472.0,409.0,367.0,5.0
OVER-THE-RHINE,PTHOLE,"POTHOLE, REPAIR",12,279.0,262.0,249.0,2.0
OVER-THE-RHINE,TLGR-PRV,"TALL GRASS/WEEDS, PRIVATE PROP",45,223.0,160.0,127.0,17.0
PENDLETON,LITR-PRV,"LITTER, PRIVATE PROPERTY",45,142.0,115.0,110.0,2.0
PENDLETON,PTHOLE,"POTHOLE, REPAIR",12,180.0,165.0,154.0,3.0
PLEASANT RIDGE,BLD-RES,"BUILDING, RESIDENTIAL",365,355.0,237.0,137.0,15.5
PLEASANT RIDGE,LITR-PRV,"LITTER, PRIVATE PROPERTY",45,194.0,158.0,150.0,3.0
PLEASANT RIDGE,PTHOLE,"POTHOLE, REPAIR",12,632.0,558.0,496.0,3.0
PLEASANT RIDGE,TLGR-PRV,"TALL GRASS/WEEDS, PRIVATE PROP",45,268.0,179.0,167.0,4.0
QUEENSGATE,PTHOLE,"POTHOLE, REPAIR",12,771.0,657.0,589.0,2.0
RIVERSIDE,LITR-PRV,"LITTER, PRIVATE PROPERTY",45,122.0,103.0,79.0,14.0
RIVERSIDE,PTHOLE,"POTHOLE, REPAIR",12,257.0,230.0,214.0,3.0
RIVERSIDE,TLGR-PRV,"TALL GRASS/WEEDS, PRIVATE PROP",45,145.0,101.0,87.0,16.5
ROSELAWN,BLD-RES,"BUILDING, RESIDENTIAL",365,422.0,289.0,159.0,102.0
ROSELAWN,LITR-PRV,"LITTER, PRIVATE PROPERTY",45,401.0,334.0,254.0,12.0
ROSELAWN,PTHOLE,"POTHOLE, REPAIR",12,725.0,643.0,612.0,3.0
ROSELAWN,TLGR-PRV,"TALL GRASS/WEEDS, PRIVATE PROP",45,286.0,223.0,201.0,12.0
SAYLER PARK,PTHOLE,"POTHOLE, REPAIR",12,527.0,440.0,419.0,2.0
SAYLER PARK,TLGR-PRV,"TALL GRASS/WEEDS, PRIVATE PROP",45,201.0,137.0,109.0,14.0
SEDAMSVILLE,TLGR-PRV,"TALL GRASS/WEEDS, PRIVATE PROP",45,139.0,114.0,91.0,15.0
SOUTH CUMMINSVILLE,TLGR-PRV,"TALL GRASS/WEEDS, PRIVATE PROP",45,173.0,127.0,88.0,18.0
SOUTH FAIRMOUNT,BLD-RES,"BUILDING, RESIDENTIAL",365,228.0,134.0,70.0,63.0
SOUTH FAIRMOUNT,LITR-PRV,"LITTER, PRIVATE PROPERTY",45,387.0,330.0,222.0,17.0
SOUTH FAIRMOUNT,PTHOLE,"POTHOLE, REPAIR",12,147.0,125.0,115.0,3.0
SOUTH FAIRMOUNT,TLGR-PRV,"TALL GRASS/WEEDS, PRIVATE PROP",45,291.0,229.0,135.0,25.0
SPRING GROVE VILLAGE,PTHOLE,"POTHOLE, REPAIR",12,307.0,268.0,257.0,2.0
SPRING GROVE VILLAGE,TLGR-PRV,"TALL GRASS/WEEDS, PRIVATE PROP",45,144.0,101.0,92.0,12.0
WALNUT HILLS,BLD-RES,"BUILDING, RESIDENTIAL",365,536.0,363.0,202.0,28.0
WALNUT HILLS,LITR-PRV,"LITTER, PRIVATE PROPERTY",45,534.0,447.0,375.0,12.0
WALNUT HILLS,PTHOLE,"POTHOLE, REPAIR",12,915.0,834.0,782.0,2.0
WALNUT HILLS,TLGR-PRV,"TALL GRASS/WEEDS, PRIVATE PROP",45,382.0,314.0,248.0,15.0
WEST END,BLD-RES,"BUILDING, RESIDENTIAL",365,619.0,391.0,223.0,49.0
WEST END,LITR-PRV,"LITTER, PRIVATE PROPERTY",45,629.0,569.0,480.0,5.0
WEST END,PTHOLE,"POTHOLE, REPAIR",12,486.0,450.0,415.0,2.0
WEST END,TLGR-PRV,"TALL GRASS/WEEDS, PRIVATE PROP",45,375.0,320.0,282.0,16.0
WEST PRICE HILL,BLD-RES,"BUILDING, RESIDENTIAL",365,1161.0,779.0,388.0,21.0
WEST PRICE HILL,LITR-PRV,"LITTER, PRIVATE PROPERTY",45,1493.0,1168.0,1018.0,8.0
WEST PRICE HILL,PTHOLE,"POTHOLE, REPAIR",12,1059.0,944.0,901.0,2.0
WEST PRICE HILL,TLGR-PRV,"TALL GRASS/WEEDS, PRIVATE PROP",45,1450.0,1097.0,892.0,15.0
WESTWOOD,BLD-RES,"BUILDING, RESIDENTIAL",365,1688.0,1068.0,643.0,64.0
WESTWOOD,LITR-PRV,"LITTER, PRIVATE PROPERTY",45,1404.0,1169.0,977.0,9.0
WESTWOOD,PTHOLE,"POTHOLE, REPAIR",12,2325.0,2071.0,2012.0,2.0
WESTWOOD,TLGR-PRV,"TALL GRASS/WEEDS, PRIVATE PROP",45,1255.0,947.0,811.0,15.0
WINTON HILLS,BLD-RES,"BUILDING, RESIDENTIAL",365,197.0,132.0,88.0,90.0
WINTON HILLS,PTHOLE,"POTHOLE, REPAIR",12,244.0,220.0,206.0,2.0
