dept_name,year,intake,evaluable,on_time,open_overdue
CIN WATER WORKS,2023,1022.0,1020.0,849.0,0.0
CIN WATER WORKS,2024,1853.0,1818.0,915.0,0.0
CIN WATER WORKS,2025,2334.0,2266.0,1604.0,0.0
CIN WATER WORKS,2026,2313.0,2105.0,2087.0,4.0
CINC BUILDING DEPT,2023,13682.0,11953.0,6870.0,2024.0
CINC BUILDING DEPT,2024,16201.0,14302.0,10381.0,2163.0
CINC BUILDING DEPT,2025,18203.0,14668.0,10259.0,2529.0
CINC BUILDING DEPT,2026,14540.0,6992.0,5754.0,576.0
CINC HEALTH DEPT,2023,6199.0,6127.0,5254.0,14.0
CINC HEALTH DEPT,2024,5455.0,5406.0,4788.0,114.0
CINC HEALTH DEPT,2025,4513.0,4325.0,3845.0,176.0
CINC HEALTH DEPT,2026,3326.0,1034.0,969.0,44.0
CINCINNATI RECREATION,2023,143.0,142.0,27.0,0.0
CINCINNATI RECREATION,2024,245.0,244.0,107.0,0.0
CINCINNATI RECREATION,2025,310.0,310.0,212.0,0.0
CINCINNATI RECREATION,2026,291.0,291.0,278.0,0.0
CITY MANAGER'S OFFICE,2023,6003.0,5950.0,5454.0,73.0
CITY MANAGER'S OFFICE,2024,7060.0,7029.0,6493.0,48.0
CITY MANAGER'S OFFICE,2025,8634.0,8601.0,7221.0,12.0
CITY MANAGER'S OFFICE,2026,6563.0,6518.0,6209.0,35.0
COMMUNITY DEVELOPMENT,2024,974.0,902.0,93.0,0.0
COMMUNITY DEVELOPMENT,2025,4676.0,4310.0,640.0,97.0
COMMUNITY DEVELOPMENT,2026,401.0,381.0,22.0,256.0
DEPT OF TRANS AND ENG,2023,6386.0,6159.0,4106.0,0.0
DEPT OF TRANS AND ENG,2024,7430.0,7002.0,5616.0,110.0
DEPT OF TRANS AND ENG,2025,8919.0,7875.0,6319.0,181.0
DEPT OF TRANS AND ENG,2026,7259.0,5539.0,4898.0,205.0
EMERGENCY COMMUNICATIONS,2023,5399.0,5384.0,5375.0,0.0
EMERGENCY COMMUNICATIONS,2024,5697.0,5675.0,5644.0,0.0
EMERGENCY COMMUNICATIONS,2025,5230.0,5204.0,5187.0,0.0
EMERGENCY COMMUNICATIONS,2026,1227.0,1218.0,1215.0,0.0
ENTERPRISE SERVICES,2023,142.0,142.0,25.0,0.0
FIRE DEPT,2025,564.0,557.0,195.0,11.0
FIRE DEPT,2026,914.0,905.0,228.0,325.0
LAW DEPARTMENT,2023,170.0,170.0,162.0,8.0
LAW DEPARTMENT,2024,123.0,123.0,119.0,4.0
LAW DEPARTMENT,2025,164.0,124.0,124.0,0.0
LAW DEPARTMENT,2026,129.0,0.0,0.0,0.0
METROPOLITAN SEWER,2023,247.0,245.0,96.0,0.0
METROPOLITAN SEWER,2024,172.0,172.0,21.0,0.0
METROPOLITAN SEWER,2025,148.0,147.0,57.0,0.0
METROPOLITAN SEWER,2026,215.0,214.0,108.0,39.0
PARK DEPARTMENT,2023,1677.0,1674.0,1275.0,0.0
PARK DEPARTMENT,2024,2677.0,2676.0,2424.0,0.0
PARK DEPARTMENT,2025,2842.0,2640.0,2345.0,0.0
PARK DEPARTMENT,2026,3189.0,1808.0,1758.0,30.0
POLICE DEPARTMENT,2023,5353.0,5020.0,917.0,0.0
POLICE DEPARTMENT,2024,5102.0,4768.0,2591.0,20.0
POLICE DEPARTMENT,2025,2538.0,2429.0,1359.0,69.0
POLICE DEPARTMENT,2026,1429.0,1362.0,1063.0,121.0
PUBLIC SERVICES,2023,71111.0,68990.0,54357.0,22.0
PUBLIC SERVICES,2024,73073.0,71904.0,54718.0,5.0
PUBLIC SERVICES,2025,93736.0,91303.0,51670.0,79.0
PUBLIC SERVICES,2026,77815.0,75295.0,54267.0,4042.0
REGIONAL COMPUTER CENTER,2024,617.0,571.0,234.0,318.0
REGIONAL COMPUTER CENTER,2026,125.0,74.0,7.0,67.0
